1,tbd,ewarratt0,jtimby0,message,go away jtimby0?,2024-02-23 01:04:58
2,tbd,dsheering1,abucknell1,message,How are you abucknell1?,2024-01-31 21:01:44
3,tbd,rlassen2,rpover2,message,what's up rpover2?,2024-01-29 15:42:13
4,tbd,bthomason3,fsimla3,message,Hey fsimla3?,2024-02-23 18:27:22
5,tbd,ashirtcliffe4,rskiplorne4,story,I would like to get to know you better rskiplorne4?,2024-02-08 14:25:47
6,tbd,mmounter5,jdennehy5,story,let’s get pizza sometime jdennehy5?,2024-02-23 06:57:50
7,tbd,pbrittoner6,esheaf6,message,how about it esheaf6?,2024-02-24 01:21:26
8,tbd,njackson7,pmckinney7,story,come hang w me pmckinney7?,2024-01-15 20:31:10
9,tbd,cgunda8,tbranney8,message,let's meet up sometime tbranney8?,2024-01-09 22:16:17
10,tbd,gadamides9,kwestfield9,story,Let’s meet up kwestfield9?,2024-01-28 23:10:03
11,tbd,tgonneta,pnaresa,message,Hi pnaresa?,2024-01-11 20:06:33
12,tbd,awortb,dmartinatb,story,Nice database dmartinatb?,2024-02-24 10:21:16
13,tbd,cadcocksc,amatzc,story,I don’t want to see you amatzc?,2024-02-07 02:51:17
14,tbd,aneiland,aussherd,message,go away aussherd?,2024-01-11 01:27:31
15,tbd,dshowaltere,wbeachampe,message,how ya doin wbeachampe?,2024-01-16 15:55:14
16,tbd,mwrightf,gmaclisef,story,How are you gmaclisef?,2024-01-12 19:31:51
17,tbd,rlinskeyg,qdimitrioug,message,whatcha up to qdimitrioug?,2024-01-16 14:22:50
18,tbd,oalph,amoffath,story,Hey amoffath?,2024-01-24 05:48:04
19,tbd,btasseleri,wkaasmanni,message,Let’s meet up wkaasmanni?,2024-01-12 21:39:20
20,tbd,ccastillaj,jbundockj,story,Hey jbundockj?,2024-01-29 15:40:12
21,tbd,ostanyforthk,kfosdikek,message,I don’t want to see you kfosdikek?,2024-01-01 23:32:51
22,tbd,jharlockl,pkainl,story,go away pkainl?,2024-01-21 17:10:04
23,tbd,etuerenam,echasteneym,story,how ya doin echasteneym?,2024-01-07 07:03:13
24,tbd,fwaterdrinkern,blangtonn,story,how ya doin blangtonn?,2024-01-11 17:31:34
25,tbd,gcallano,pdelcastelo,message,Hi pdelcastelo?,2024-01-19 11:17:06
26,tbd,vcrosdillp,ckemmisp,story,sup ckemmisp?,2024-02-16 10:46:10
27,tbd,tsinkinsq,kwilcockeq,story,How are you kwilcockeq?,2024-01-15 03:57:35
28,tbd,jhuftonr,eattreyr,story,come hang w me eattreyr?,2024-01-27 17:27:45
29,tbd,lmacvaughs,dbenadettes,story,come hang w me dbenadettes?,2024-01-31 14:03:38
30,tbd,espallst,ecarniert,story,Nice database ecarniert?,2024-02-01 17:07:31
31,tbd,dthumimu,mkermottu,message,Hey mkermottu?,2024-02-12 10:02:02
32,tbd,akonerdingv,cgillbardv,message,come hang w me cgillbardv?,2024-01-02 10:28:51
33,tbd,gliddiardw,lmatzaitisw,story,let's meet up sometime lmatzaitisw?,2024-01-06 05:35:31
34,tbd,shutcheonx,whartleburyx,story,how ya doin whartleburyx?,2024-02-02 06:56:13
35,tbd,dduranty,bmillionsy,story,let's meet up sometime bmillionsy?,2024-01-24 01:41:51
36,tbd,zlissettz,yeskriettz,story,how about it yeskriettz?,2024-01-05 01:24:24
37,tbd,bleball10,fhampe10,story,come hang w me fhampe10?,2024-01-17 09:31:57
38,tbd,hbrockelsby11,jhartford11,message,Hey jhartford11?,2024-01-19 07:04:35
39,tbd,jseiter12,dhansana12,story,go away dhansana12?,2024-02-09 20:33:59
40,tbd,rikins13,rslipper13,story,whatcha up to rslipper13?,2024-01-27 18:48:24
41,tbd,cespinho14,lknottley14,story,whatcha up to lknottley14?,2024-01-06 20:57:33
42,tbd,gfurness15,cgiannazzo15,story,let's meet up sometime cgiannazzo15?,2024-02-27 21:33:33
43,tbd,ltoe16,ssergant16,message,Let’s meet up ssergant16?,2024-02-26 12:54:18
44,tbd,mwalbridge17,aboldra17,story,let's meet up sometime aboldra17?,2024-01-09 10:16:13
45,tbd,vdelamaine18,xlownds18,message,I don’t want to see you xlownds18?,2024-01-09 06:08:23
46,tbd,cbrech19,kprinett19,message,Nice database kprinett19?,2024-02-13 06:56:17
47,tbd,mskamal1a,rjancey1a,story,Nice database rjancey1a?,2024-02-16 13:53:31
48,tbd,ukonzelmann1b,bdukesbury1b,message,go away bdukesbury1b?,2024-01-29 00:14:38
49,tbd,jbembrick1c,kgarthshore1c,story,sup kgarthshore1c?,2024-01-11 11:52:38
50,tbd,mpyrah1d,fjewitt1d,message,go away fjewitt1d?,2024-01-31 16:18:16
51,tbd,mstroban1e,fcuss1e,message,I would like to get to know you better fcuss1e?,2024-02-03 16:45:46
52,tbd,rdunrige1f,bfero1f,story,Hey bfero1f?,2024-01-09 17:11:30
53,tbd,toluney1g,bsnoding1g,story,I would like to get to know you better bsnoding1g?,2024-01-14 00:36:45
54,tbd,mtop1h,lpretti1h,story,How are you doing lpretti1h?,2024-01-31 11:14:19
55,tbd,fdanat1i,alambertazzi1i,story,how ya doin alambertazzi1i?,2024-02-11 17:07:21
56,tbd,sdawidowitz1j,bbrideaux1j,message,come hang w me bbrideaux1j?,2024-02-04 11:04:42
57,tbd,rskelly1k,whirsch1k,message,Where are you whirsch1k?,2024-01-25 06:27:51
58,tbd,spetroselli1l,scouling1l,story,How are you scouling1l?,2024-02-22 19:57:23
59,tbd,jdarville1m,gexter1m,story,come hang w me gexter1m?,2024-01-17 04:29:43
60,tbd,mpennone1n,laronsohn1n,story,Let’s meet up laronsohn1n?,2024-02-09 03:14:12
61,tbd,driggs1o,ebartosch1o,story,Hi ebartosch1o?,2024-01-30 13:41:24
62,tbd,cneath1p,atarquini1p,message,how ya doin atarquini1p?,2024-02-02 09:07:58
63,tbd,gkettlestringe1q,zblay1q,story,Hey zblay1q?,2024-01-22 21:57:57
64,tbd,avisick1r,pmcfall1r,message,I don’t want to see you pmcfall1r?,2024-01-27 08:54:18
65,tbd,cnelthropp1s,cbonus1s,message,How are you doing cbonus1s?,2024-01-02 09:39:03
66,tbd,zdemendoza1t,mhaggis1t,story,How are you doing mhaggis1t?,2024-02-23 08:51:52
67,tbd,qheijnen1u,dpettigree1u,story,let’s get pizza sometime dpettigree1u?,2024-02-05 16:01:39
68,tbd,vgallafant1v,janan1v,message,Hi janan1v?,2024-01-12 13:47:19
69,tbd,clowrie1w,rcrighton1w,story,let's meet up sometime rcrighton1w?,2024-01-22 00:01:59
70,tbd,mffrench1x,ilesurf1x,story,how ya doin ilesurf1x?,2024-01-04 17:16:27
71,tbd,lburgane1y,hrayson1y,story,how ya doin hrayson1y?,2024-01-28 23:01:29
72,tbd,fbetham1z,chadgraft1z,message,whatcha up to chadgraft1z?,2024-01-12 19:16:56
73,tbd,ynussgen20,ccotsford20,message,sup ccotsford20?,2024-02-19 20:32:16
74,tbd,gyerborn21,hcadore21,story,what's up hcadore21?,2024-01-13 03:41:13
75,tbd,cwattam22,daloway22,message,How are you daloway22?,2024-02-23 03:31:13
76,tbd,yokenden23,rbartlomieczak23,message,go away rbartlomieczak23?,2024-01-12 02:29:27
77,tbd,jschleswigholstein24,pdallewater24,message,Nice database pdallewater24?,2024-01-16 08:13:26
78,tbd,fmellonby25,cpellamont25,message,let's meet up sometime cpellamont25?,2024-02-08 13:19:39
79,tbd,hclay26,dparke26,story,Hi dparke26?,2024-02-08 05:24:10
80,tbd,gellins27,mguillart27,story,I don’t want to see you mguillart27?,2024-01-10 23:30:54
81,tbd,jdelong28,rpredohl28,story,let's meet up sometime rpredohl28?,2024-01-15 08:07:24
82,tbd,tbaseley29,mcaghy29,message,how about it mcaghy29?,2024-01-28 03:51:39
83,tbd,bchaimson2a,hbartlet2a,message,Nice database hbartlet2a?,2024-02-24 23:34:22
84,tbd,akitcat2b,oguntrip2b,story,How are you oguntrip2b?,2024-01-13 15:19:20
85,tbd,smcgahy2c,cmargetson2c,message,Nice database cmargetson2c?,2024-02-14 10:04:16
86,tbd,ewileman2d,wclute2d,message,Where are you wclute2d?,2024-01-06 02:28:55
87,tbd,nhaskins2e,agiovannilli2e,message,Let’s meet up agiovannilli2e?,2024-01-19 03:21:22
88,tbd,atraise2f,asonger2f,story,sup asonger2f?,2024-02-01 22:49:19
89,tbd,jedmonds2g,ucaroli2g,story,whatcha up to ucaroli2g?,2024-02-19 06:20:37
90,tbd,jgunner2h,kgajownik2h,story,Hi kgajownik2h?,2024-01-06 15:22:13
91,tbd,ahonniebal2i,fmactrustie2i,message,what's up fmactrustie2i?,2024-01-27 16:04:32
92,tbd,jbearn2j,mlawden2j,message,Where are you mlawden2j?,2024-01-06 00:52:04
93,tbd,gmullaney2k,akingwell2k,message,Hey akingwell2k?,2024-02-14 06:27:57
94,tbd,tnoen2l,wtokley2l,message,Hi wtokley2l?,2024-02-19 01:04:18
95,tbd,cgowers2m,emccahey2m,story,How are you emccahey2m?,2024-01-19 18:57:09
96,tbd,eandriveaux2n,jtrowell2n,story,Hey jtrowell2n?,2024-01-26 00:49:57
97,tbd,rellingford2o,hdeambrosi2o,message,what's up hdeambrosi2o?,2024-02-23 16:52:57
98,tbd,eyeld2p,sdewdney2p,story,go away sdewdney2p?,2024-01-05 09:15:13
99,tbd,tsayton2q,rbranchett2q,story,sup rbranchett2q?,2024-02-25 15:10:46
100,tbd,cdean2r,cmickan2r,message,come hang w me cmickan2r?,2024-02-23 14:42:43
101,tbd,gfenny2s,inazer2s,message,what's up inazer2s?,2024-01-14 04:37:07
102,tbd,gdunnico2t,mespine2t,story,go away mespine2t?,2024-01-18 13:32:24
103,tbd,erobathon2u,galdrin2u,story,I would like to get to know you better galdrin2u?,2024-02-13 20:51:04
104,tbd,ncaine2v,agroucutt2v,story,How are you doing agroucutt2v?,2024-01-09 17:16:26
105,tbd,ltomkiss2w,tsrutton2w,story,what's up tsrutton2w?,2024-01-12 06:05:36
106,tbd,fniessen2x,ngadie2x,story,Where are you ngadie2x?,2024-02-22 00:08:39
107,tbd,lollenbuttel2y,hferrulli2y,story,Where are you hferrulli2y?,2024-01-01 15:14:29
108,tbd,kfermin2z,echarteris2z,message,I don’t want to see you echarteris2z?,2024-02-16 19:01:18
109,tbd,ddunk30,dspoors30,message,How are you doing dspoors30?,2024-02-06 04:21:06
110,tbd,dgroll31,jmcginty31,message,Hey jmcginty31?,2024-01-08 23:56:45
111,tbd,hhelliwell32,mmceachern32,message,Hey mmceachern32?,2024-02-16 15:21:44
112,tbd,pkither33,tmalby33,message,come hang w me tmalby33?,2024-02-25 14:11:33
113,tbd,hlewcock34,lbrackstone34,message,I don’t want to see you lbrackstone34?,2024-01-04 03:33:24
114,tbd,crahlof35,zotimony35,story,what's up zotimony35?,2024-02-12 03:44:39
115,tbd,abrosnan36,gamberson36,story,Let’s meet up gamberson36?,2024-01-26 17:11:56
116,tbd,amcgill37,abailess37,story,Let’s meet up abailess37?,2024-01-26 20:07:20
117,tbd,lkidby38,lbrawley38,story,how about it lbrawley38?,2024-02-10 15:32:06
118,tbd,akenealy39,mkubik39,message,Hi mkubik39?,2024-01-28 05:08:58
119,tbd,bosuaird3a,ewinfield3a,story,I would like to get to know you better ewinfield3a?,2024-01-11 21:17:30
120,tbd,spallent3b,vstubbes3b,story,Let’s meet up vstubbes3b?,2024-02-08 02:54:29
121,tbd,norpin3c,gmclae3c,message,Hey gmclae3c?,2024-01-13 12:37:36
122,tbd,mshedd3d,shunnicot3d,message,How are you doing shunnicot3d?,2024-02-25 07:21:57
123,tbd,phamblett3e,vpummell3e,story,how about it vpummell3e?,2024-01-24 12:04:29
124,tbd,gsmallwood3f,ibyfford3f,story,how ya doin ibyfford3f?,2024-01-14 16:44:43
125,tbd,amorley3g,dcleve3g,message,Hey dcleve3g?,2024-02-11 08:32:46
126,tbd,hshortin3h,kbinder3h,story,whatcha up to kbinder3h?,2024-01-01 13:08:40
127,tbd,ctyndall3i,pmckellen3i,message,Hi pmckellen3i?,2024-01-31 03:49:26
128,tbd,mtidd3j,mbirks3j,story,Hey mbirks3j?,2024-01-24 07:20:20
129,tbd,rdjokic3k,wcalles3k,message,I don’t want to see you wcalles3k?,2024-01-11 02:52:59
130,tbd,alefeuvre3l,hpollitt3l,message,let's meet up sometime hpollitt3l?,2024-01-11 01:52:55
131,tbd,lord3m,ericold3m,message,how about it ericold3m?,2024-02-03 18:30:26
132,tbd,dashwell3n,akleingrub3n,message,I don’t want to see you akleingrub3n?,2024-02-26 08:15:32
133,tbd,pdubble3o,ageary3o,message,come hang w me ageary3o?,2024-01-03 14:58:52
134,tbd,smcgrotty3p,aclace3p,story,Hi aclace3p?,2024-02-08 00:14:51
135,tbd,imcgreay3q,lodd3q,story,how about it lodd3q?,2024-01-11 07:37:43
136,tbd,mvasilkov3r,bsongist3r,story,How are you bsongist3r?,2024-02-21 13:19:38
137,tbd,abielfelt3s,sszach3s,story,Hey sszach3s?,2024-01-10 06:03:05
138,tbd,tjessep3t,tnasi3t,message,come hang w me tnasi3t?,2024-02-13 13:48:42
139,tbd,avass3u,jmousdall3u,message,How are you doing jmousdall3u?,2024-01-13 22:38:03
140,tbd,dgeharke3v,uyakobovitz3v,story,sup uyakobovitz3v?,2024-01-28 11:49:21
141,tbd,jperutto3w,ighidoli3w,message,Let’s meet up ighidoli3w?,2024-01-04 21:26:48
142,tbd,ntwelves3x,dashton3x,message,Nice database dashton3x?,2024-02-16 07:31:15
143,tbd,hcrayk3y,bdulwitch3y,message,Nice database bdulwitch3y?,2024-02-17 03:10:18
144,tbd,kmein3z,rbulteel3z,story,How are you doing rbulteel3z?,2024-02-04 13:42:13
145,tbd,afeatherbie40,akuhwald40,story,Where are you akuhwald40?,2024-01-18 16:35:02
146,tbd,pcinavas41,hharrington41,story,Let’s meet up hharrington41?,2024-01-10 06:15:25
147,tbd,cjanos42,ddmych42,message,let's meet up sometime ddmych42?,2024-01-09 07:38:21
148,tbd,fchestnut43,gamdohr43,story,I don’t want to see you gamdohr43?,2024-02-17 18:23:42
149,tbd,lmalcolmson44,pgudd44,story,Hi pgudd44?,2024-02-11 19:40:19
150,tbd,tcoyte45,kbooij45,message,what's up kbooij45?,2024-02-15 14:14:16
151,tbd,pewart46,wbloodworth46,story,How are you wbloodworth46?,2024-02-09 03:51:56
152,tbd,agiacobillo47,vblitz47,message,go away vblitz47?,2024-02-13 00:44:22
153,tbd,sgrcic48,coverstall48,story,How are you doing coverstall48?,2024-01-28 13:02:56
154,tbd,jschwandermann49,zrawes49,message,let’s get pizza sometime zrawes49?,2024-02-13 00:53:18
155,tbd,mjecks4a,bbaynton4a,story,let’s get pizza sometime bbaynton4a?,2024-01-10 19:11:21
156,tbd,dleeson4b,lnoddle4b,message,Nice database lnoddle4b?,2024-02-24 21:37:44
157,tbd,dszwarc4c,bmcelory4c,message,let's meet up sometime bmcelory4c?,2024-02-27 10:15:20
158,tbd,bbogart4d,bchastel4d,story,Nice database bchastel4d?,2024-01-12 21:37:58
159,tbd,aosler4e,rbazek4e,message,How are you rbazek4e?,2024-02-07 23:26:41
160,tbd,ecaisley4f,bvido4f,story,come hang w me bvido4f?,2024-02-26 04:25:56
161,tbd,pespinazo4g,tworvill4g,story,How are you tworvill4g?,2024-01-18 06:10:36
162,tbd,cmcboyle4h,sferia4h,message,How are you doing sferia4h?,2024-02-07 18:49:24
163,tbd,dmartinovic4i,mbinks4i,story,I would like to get to know you better mbinks4i?,2024-01-13 12:20:33
164,tbd,bwenn4j,sdevanny4j,story,Let’s meet up sdevanny4j?,2024-01-07 16:26:59
165,tbd,gcassey4k,vkuhlmey4k,story,let's meet up sometime vkuhlmey4k?,2024-02-22 08:19:43
166,tbd,tdoig4l,laveray4l,story,Let’s meet up laveray4l?,2024-02-23 08:15:53
167,tbd,stabert4m,ddiglin4m,story,how about it ddiglin4m?,2024-01-27 20:51:23
168,tbd,kmayze4n,mgarrud4n,message,let's meet up sometime mgarrud4n?,2024-01-29 11:07:00
169,tbd,ksarjent4o,jolyet4o,message,How are you jolyet4o?,2024-02-12 03:41:37
170,tbd,meglinton4p,kloughran4p,message,whatcha up to kloughran4p?,2024-02-24 07:09:21
171,tbd,amclleese4q,iskrines4q,story,How are you iskrines4q?,2024-02-19 00:40:35
172,tbd,bstubbs4r,cwitcher4r,message,Hi cwitcher4r?,2024-02-27 17:33:22
173,tbd,aworvill4s,jtreversh4s,story,Nice database jtreversh4s?,2024-02-17 00:32:38
174,tbd,cfeeley4t,apearn4t,story,whatcha up to apearn4t?,2024-02-08 13:50:46
175,tbd,cskate4u,beagles4u,story,I don’t want to see you beagles4u?,2024-02-12 17:00:02
176,tbd,awinteringham4v,pioan4v,story,how about it pioan4v?,2024-01-13 21:17:49
177,tbd,pharnett4w,ktribbeck4w,story,Where are you ktribbeck4w?,2024-02-27 02:08:01
178,tbd,cdegliantoni4x,bbryning4x,story,go away bbryning4x?,2024-01-31 20:20:47
179,tbd,iselkirk4y,sprise4y,message,Hey sprise4y?,2024-02-24 23:40:51
180,tbd,gjopling4z,aparysowna4z,message,Let’s meet up aparysowna4z?,2024-02-25 21:44:49
181,tbd,agrishukhin50,jlawlan50,message,I don’t want to see you jlawlan50?,2024-01-10 11:14:42
182,tbd,pghidotti51,dpecey51,story,what's up dpecey51?,2024-02-05 11:18:17
183,tbd,naleso52,ccapes52,story,How are you ccapes52?,2024-02-06 10:31:47
184,tbd,rnewbury53,cmusla53,story,Let’s meet up cmusla53?,2024-01-10 23:21:08
185,tbd,sschiementz54,fmattiacci54,message,let's meet up sometime fmattiacci54?,2024-02-11 02:52:22
186,tbd,cbenza55,coneil55,message,whatcha up to coneil55?,2024-02-22 03:37:40
187,tbd,mfeeny56,kclericoates56,message,how about it kclericoates56?,2024-01-27 00:52:46
188,tbd,apareman57,cketley57,story,how about it cketley57?,2024-01-11 14:00:43
189,tbd,bsimnor58,tregler58,story,Hey tregler58?,2024-01-06 15:03:33
190,tbd,chovee59,scolson59,story,how ya doin scolson59?,2024-01-27 04:04:44
191,tbd,wjancy5a,ccovell5a,message,I don’t want to see you ccovell5a?,2024-01-27 05:26:36
192,tbd,bgherardi5b,lkordas5b,story,Nice database lkordas5b?,2024-01-27 20:09:43
193,tbd,epurser5c,jnorledge5c,story,Nice database jnorledge5c?,2024-01-29 14:56:20
194,tbd,rlawlings5d,bielden5d,message,come hang w me bielden5d?,2024-01-17 23:22:38
195,tbd,gcaro5e,kdubber5e,message,I would like to get to know you better kdubber5e?,2024-01-31 02:33:09
196,tbd,kkunath5f,awynrehame5f,message,what's up awynrehame5f?,2024-01-06 18:44:38
197,tbd,fdecourcy5g,abirts5g,story,How are you abirts5g?,2024-02-03 03:10:22
198,tbd,mtestin5h,qivankin5h,story,Nice database qivankin5h?,2024-01-26 18:56:35
199,tbd,krycraft5i,jlettuce5i,message,whatcha up to jlettuce5i?,2024-01-10 11:11:15
200,tbd,cmafham5j,rcroy5j,story,Where are you rcroy5j?,2024-01-07 22:50:10
201,tbd,csprosson5k,gtownshend5k,story,come hang w me gtownshend5k?,2024-01-08 03:21:42
202,tbd,mpetrowsky5l,jheathcott5l,story,Hey jheathcott5l?,2024-01-29 10:12:06
203,tbd,hmyhill5m,ksharples5m,story,I would like to get to know you better ksharples5m?,2024-01-26 10:05:42
204,tbd,eockleshaw5n,ctidball5n,story,what's up ctidball5n?,2024-01-19 17:52:24
205,tbd,mcringle5o,abrighty5o,story,I would like to get to know you better abrighty5o?,2024-01-10 16:05:40
206,tbd,bjacqueme5p,dsylvester5p,message,Let’s meet up dsylvester5p?,2024-02-27 10:32:58
207,tbd,svigars5q,atesche5q,story,Hi atesche5q?,2024-02-01 22:24:06
208,tbd,bhutt5r,santill5r,message,Where are you santill5r?,2024-02-10 11:49:36
209,tbd,wcoase5s,uklosges5s,story,Hey uklosges5s?,2024-01-13 06:43:45
210,tbd,jfreed5t,tbearcock5t,story,I would like to get to know you better tbearcock5t?,2024-02-10 05:19:55
211,tbd,kbillborough5u,nsodor5u,message,whatcha up to nsodor5u?,2024-02-02 16:57:58
212,tbd,abarhems5v,wlancley5v,message,let's meet up sometime wlancley5v?,2024-01-31 14:55:24
213,tbd,ugonzalez5w,astrongman5w,story,Nice database astrongman5w?,2024-02-25 17:59:43
214,tbd,ecole5x,scicconetti5x,message,go away scicconetti5x?,2024-02-03 13:39:48
215,tbd,mfuggle5y,rblowen5y,message,let’s get pizza sometime rblowen5y?,2024-02-03 13:03:15
216,tbd,jgerold5z,rfranzolini5z,message,Hey rfranzolini5z?,2024-01-28 13:17:45
217,tbd,ipotte60,rphilippeaux60,message,Nice database rphilippeaux60?,2024-02-03 23:08:13
218,tbd,ckroger61,kdundendale61,story,what's up kdundendale61?,2024-01-16 22:53:35
219,tbd,pwillers62,bgilcriest62,message,How are you doing bgilcriest62?,2024-01-03 04:51:22
220,tbd,cpetyankin63,amatresse63,message,go away amatresse63?,2024-01-19 19:36:02
221,tbd,bmcilhatton64,wdwyr64,message,let's meet up sometime wdwyr64?,2024-01-06 00:18:55
222,tbd,lcuthill65,nnoonan65,story,Hi nnoonan65?,2024-02-03 07:52:09
223,tbd,cfeige66,cbrindle66,message,let's meet up sometime cbrindle66?,2024-02-26 14:02:24
224,tbd,emacak67,jrobbeke67,story,I would like to get to know you better jrobbeke67?,2024-01-16 16:54:04
225,tbd,bbinder68,jfisbey68,message,Let’s meet up jfisbey68?,2024-02-12 17:18:57
226,tbd,nbere69,asouthern69,message,Hi asouthern69?,2024-02-02 09:27:19
227,tbd,lstote6a,rpeinke6a,message,Nice database rpeinke6a?,2024-02-08 11:33:41
228,tbd,eperchard6b,strimble6b,story,whatcha up to strimble6b?,2024-01-30 11:32:54
229,tbd,ghilhouse6c,amacneice6c,story,how ya doin amacneice6c?,2024-01-23 15:09:22
230,tbd,dgosden6d,scrabbe6d,message,Where are you scrabbe6d?,2024-01-31 23:03:26
231,tbd,kellar6e,clarrie6e,story,what's up clarrie6e?,2024-02-13 20:59:36
232,tbd,msmylie6f,cshearn6f,message,how ya doin cshearn6f?,2024-02-27 16:35:13
233,tbd,sreichelt6g,zrosekilly6g,message,how ya doin zrosekilly6g?,2024-02-15 00:39:32
234,tbd,ccrocroft6h,qboothjarvis6h,message,whatcha up to qboothjarvis6h?,2024-02-04 15:54:19
235,tbd,estange6i,amitchelhill6i,message,come hang w me amitchelhill6i?,2024-01-21 14:37:51
236,tbd,jrounsefell6j,lderx6j,message,Where are you lderx6j?,2024-02-03 09:08:27
237,tbd,operez6k,deast6k,story,come hang w me deast6k?,2024-02-15 02:54:57
238,tbd,agallier6l,mgideon6l,story,go away mgideon6l?,2024-01-27 19:03:08
239,tbd,agocher6m,lmelpuss6m,story,How are you doing lmelpuss6m?,2024-01-02 02:11:28
240,tbd,ggristwood6n,cslesser6n,message,How are you doing cslesser6n?,2024-01-30 16:25:02
241,tbd,arosenkrantz6o,freveland6o,story,How are you freveland6o?,2024-01-11 16:39:41
242,tbd,rtreleven6p,adessant6p,message,how about it adessant6p?,2024-01-11 15:23:03
243,tbd,tbletso6q,hsikora6q,story,Hey hsikora6q?,2024-02-15 12:31:27
244,tbd,elabern6r,hfortman6r,story,How are you hfortman6r?,2024-02-14 08:06:24
245,tbd,gdimitriades6s,blorraine6s,story,how ya doin blorraine6s?,2024-01-21 03:24:22
246,tbd,phaithwaite6t,hblakeney6t,message,Let’s meet up hblakeney6t?,2024-01-20 20:22:29
247,tbd,wmacgarvey6u,ofosher6u,message,what's up ofosher6u?,2024-01-26 09:27:48
248,tbd,acalendar6v,jsinkins6v,message,sup jsinkins6v?,2024-01-24 22:22:13
249,tbd,cmcelree6w,mzanolli6w,message,come hang w me mzanolli6w?,2024-02-25 17:50:18
250,tbd,velvish6x,dpleaden6x,message,How are you dpleaden6x?,2024-01-19 20:36:56
251,tbd,ngooble6y,dbase6y,message,Hey dbase6y?,2024-01-12 11:58:06
252,tbd,apatkin6z,jworld6z,story,How are you jworld6z?,2024-02-07 20:39:50
253,tbd,ghapper70,nlepere70,story,how about it nlepere70?,2024-02-15 11:23:49
254,tbd,hbloodworthe71,jmerryweather71,story,How are you doing jmerryweather71?,2024-02-17 04:15:53
255,tbd,xdemschke72,hcicutto72,story,Nice database hcicutto72?,2024-01-23 21:49:42
256,tbd,kpenhaligon73,ddachs73,message,Let’s meet up ddachs73?,2024-02-09 15:02:18
257,tbd,mstitwell74,mluc74,story,Where are you mluc74?,2024-01-18 06:09:11
258,tbd,mbitcheno75,etwaite75,message,Where are you etwaite75?,2024-01-31 06:13:05
259,tbd,tblacklock76,bguitte76,story,Hi bguitte76?,2024-02-03 08:16:29
260,tbd,tbusson77,tfossitt77,story,sup tfossitt77?,2024-01-17 06:03:39
261,tbd,fkrier78,ecarleman78,story,let’s get pizza sometime ecarleman78?,2024-01-19 00:03:53
262,tbd,mthomason79,mpethick79,message,How are you doing mpethick79?,2024-01-17 08:39:44
263,tbd,tcarbert7a,llamboll7a,story,what's up llamboll7a?,2024-02-18 09:02:49
264,tbd,mgoodanew7b,jbirtley7b,message,I would like to get to know you better jbirtley7b?,2024-02-16 20:43:12
265,tbd,bbullene7c,kkeeler7c,message,Let’s meet up kkeeler7c?,2024-01-19 20:15:21
266,tbd,aschild7d,mpoints7d,story,sup mpoints7d?,2024-01-13 19:37:56
267,tbd,jconnew7e,sbratcher7e,story,how about it sbratcher7e?,2024-02-07 07:39:29
268,tbd,klambertz7f,lcamplen7f,story,How are you doing lcamplen7f?,2024-02-04 01:24:12
269,tbd,nbroadfoot7g,hlangton7g,message,Let’s meet up hlangton7g?,2024-02-14 05:51:44
270,tbd,abeeken7h,ewellbank7h,story,how ya doin ewellbank7h?,2024-01-11 14:16:44
271,tbd,overni7i,ocolaco7i,story,Nice database ocolaco7i?,2024-01-14 02:29:37
272,tbd,edaelman7j,gmerchant7j,story,what's up gmerchant7j?,2024-02-15 07:02:23
273,tbd,acliffe7k,dmegarry7k,message,Hey dmegarry7k?,2024-02-22 12:09:26
274,tbd,chartopp7l,rfrantzen7l,story,Hey rfrantzen7l?,2024-01-12 19:27:30
275,tbd,ehovell7m,bdrinkale7m,message,Hi bdrinkale7m?,2024-02-20 12:34:41
276,tbd,syoodall7n,hrogan7n,message,sup hrogan7n?,2024-01-14 10:50:17
277,tbd,cgrigoryev7o,raleavy7o,message,what's up raleavy7o?,2024-02-21 02:57:42
278,tbd,lcoopman7p,dmaccombe7p,message,whatcha up to dmaccombe7p?,2024-01-28 14:04:37
279,tbd,ajovovic7q,pivanchin7q,message,Where are you pivanchin7q?,2024-02-05 15:05:51
280,tbd,egrubey7r,astegell7r,story,How are you doing astegell7r?,2024-01-21 17:17:25
281,tbd,jmcausland7s,lromanetti7s,message,let’s get pizza sometime lromanetti7s?,2024-02-18 17:59:55
282,tbd,myukhnini7t,sfanthome7t,message,whatcha up to sfanthome7t?,2024-01-04 19:52:09
283,tbd,esillito7u,enormanvell7u,story,how ya doin enormanvell7u?,2024-02-26 22:59:38
284,tbd,kallsup7v,epegram7v,story,Hi epegram7v?,2024-01-04 20:57:32
285,tbd,avivyan7w,roram7w,message,sup roram7w?,2024-01-12 11:58:12
286,tbd,bdellenty7x,gjansson7x,message,come hang w me gjansson7x?,2024-01-26 21:47:06
287,tbd,nweighell7y,belmhirst7y,message,go away belmhirst7y?,2024-01-27 01:43:24
288,tbd,dserck7z,cballinghall7z,message,let’s get pizza sometime cballinghall7z?,2024-02-09 02:13:49
289,tbd,elipprose80,jantonoczyk80,message,how ya doin jantonoczyk80?,2024-02-20 23:34:23
290,tbd,ghabard81,agostridge81,message,go away agostridge81?,2024-01-11 05:59:54
291,tbd,rlampens82,lcoggan82,message,how ya doin lcoggan82?,2024-02-07 01:49:55
292,tbd,hfattore83,npurrier83,story,I don’t want to see you npurrier83?,2024-02-26 03:55:47
293,tbd,sshank84,cfisher84,message,Let’s meet up cfisher84?,2024-01-25 19:27:54
294,tbd,bhancke85,smaseres85,message,let’s get pizza sometime smaseres85?,2024-02-21 21:20:58
295,tbd,hkeysall86,lbrok86,story,how ya doin lbrok86?,2024-01-01 03:10:03
296,tbd,serskin87,gbartalini87,message,how about it gbartalini87?,2024-02-06 05:28:27
297,tbd,atonkes88,ywhiteoak88,story,I don’t want to see you ywhiteoak88?,2024-01-09 18:29:16
298,tbd,mollie89,gmontfort89,story,Hi gmontfort89?,2024-01-30 10:10:48
299,tbd,thails8a,mheatherington8a,message,How are you mheatherington8a?,2024-01-27 14:10:04
300,tbd,mollet8b,mreape8b,story,I would like to get to know you better mreape8b?,2024-01-09 01:46:26
301,tbd,pmaylour8c,gsharples8c,message,let’s get pizza sometime gsharples8c?,2024-01-26 10:35:58
302,tbd,brappoport8d,pluck8d,story,Hey pluck8d?,2024-01-17 16:11:24
303,tbd,rbichard8e,sfilpi8e,story,come hang w me sfilpi8e?,2024-01-21 21:22:22
304,tbd,gchanner8f,helms8f,message,Hey helms8f?,2024-02-10 07:06:28
305,tbd,alooby8g,dtraves8g,message,How are you doing dtraves8g?,2024-02-03 17:13:07
306,tbd,bhadfield8h,dfyall8h,story,How are you doing dfyall8h?,2024-01-16 23:02:13
307,tbd,rsantoro8i,lthuillier8i,story,what's up lthuillier8i?,2024-02-26 11:46:30
308,tbd,gpering8j,cboncore8j,story,How are you cboncore8j?,2024-02-20 18:24:29
309,tbd,ahiddsley8k,esankey8k,story,How are you doing esankey8k?,2024-02-12 23:59:22
310,tbd,mcesconi8l,rgiocannoni8l,story,How are you rgiocannoni8l?,2024-02-02 01:03:21
311,tbd,gbartunek8m,hheindle8m,story,I would like to get to know you better hheindle8m?,2024-01-28 04:02:37
312,tbd,jlauks8n,abridgwater8n,story,How are you doing abridgwater8n?,2024-01-09 04:21:30
313,tbd,cmargaret8o,xtwamley8o,message,How are you doing xtwamley8o?,2024-02-16 14:58:57
314,tbd,cmusso8p,oschutze8p,story,Nice database oschutze8p?,2024-01-18 08:55:55
315,tbd,lblincko8q,aswalough8q,story,whatcha up to aswalough8q?,2024-02-21 09:32:44
316,tbd,awhawell8r,okirtland8r,message,Where are you okirtland8r?,2024-02-09 12:16:55
317,tbd,colivella8s,kguild8s,message,how ya doin kguild8s?,2024-01-03 22:29:14
318,tbd,hfilmer8t,creadwood8t,message,How are you creadwood8t?,2024-02-13 22:28:36
319,tbd,oglamart8u,dmacarthur8u,story,How are you doing dmacarthur8u?,2024-01-21 15:11:00
320,tbd,rtripe8v,smanson8v,message,Hey smanson8v?,2024-01-15 02:44:37
321,tbd,hmapledoram8w,tdinnington8w,message,how about it tdinnington8w?,2024-01-31 04:10:03
322,tbd,rdanielian8x,jclair8x,story,Hi jclair8x?,2024-02-16 15:52:45
323,tbd,rakker8y,braccio8y,message,go away braccio8y?,2024-01-05 09:22:59
324,tbd,rsenchenko8z,gaylmer8z,message,come hang w me gaylmer8z?,2024-02-10 09:44:54
325,tbd,rduckerin90,hirons90,story,come hang w me hirons90?,2024-01-12 01:31:10
326,tbd,mbaggott91,awhitter91,message,Nice database awhitter91?,2024-01-29 23:08:00
327,tbd,mpack92,rklejna92,story,sup rklejna92?,2024-02-02 18:13:39
328,tbd,ychimienti93,tbukowski93,story,whatcha up to tbukowski93?,2024-02-22 08:00:58
329,tbd,rrestieaux94,eyurkov94,message,how about it eyurkov94?,2024-01-31 03:09:26
330,tbd,cwhile95,cyushmanov95,message,sup cyushmanov95?,2024-01-24 19:21:07
331,tbd,mfrostdick96,jleemans96,story,sup jleemans96?,2024-01-15 00:30:52
332,tbd,cpuzey97,ovanhalen97,message,what's up ovanhalen97?,2024-01-25 09:43:04
333,tbd,ftaffley98,msherborn98,message,let’s get pizza sometime msherborn98?,2024-01-22 19:49:53
334,tbd,csamet99,gknudsen99,message,how about it gknudsen99?,2024-01-16 00:43:04
335,tbd,jhorlock9a,wallred9a,story,go away wallred9a?,2024-01-29 14:41:26
336,tbd,jshirer9b,tbarta9b,message,let's meet up sometime tbarta9b?,2024-01-07 14:08:36
337,tbd,lstrutley9c,dmarden9c,story,whatcha up to dmarden9c?,2024-01-21 06:44:30
338,tbd,mmeeus9d,sdurtnal9d,message,Where are you sdurtnal9d?,2024-02-10 15:23:15
339,tbd,amcmanamon9e,fghiroldi9e,story,how ya doin fghiroldi9e?,2024-01-29 13:48:16
340,tbd,odelmonte9f,spleming9f,story,Let’s meet up spleming9f?,2024-01-13 21:13:01
341,tbd,amoggle9g,btheuss9g,story,come hang w me btheuss9g?,2024-01-27 00:20:09
342,tbd,omckall9h,wnunan9h,message,I don’t want to see you wnunan9h?,2024-01-13 18:10:49
343,tbd,aschlagh9i,mtipton9i,message,sup mtipton9i?,2024-02-10 11:25:28
344,tbd,dalpin9j,kmourgue9j,story,how ya doin kmourgue9j?,2024-01-30 15:56:32
345,tbd,wcrolly9k,mrolfo9k,message,come hang w me mrolfo9k?,2024-01-11 08:39:35
346,tbd,skinnerley9l,ebattie9l,message,I would like to get to know you better ebattie9l?,2024-02-08 07:40:16
347,tbd,abloomfield9m,dpalfrey9m,story,Let’s meet up dpalfrey9m?,2024-02-17 10:06:46
348,tbd,gsandbrook9n,pmcclune9n,message,what's up pmcclune9n?,2024-01-22 04:02:25
349,tbd,cadenet9o,kanyon9o,message,go away kanyon9o?,2024-02-01 04:24:01
350,tbd,sgibbon9p,eespinal9p,message,let's meet up sometime eespinal9p?,2024-01-17 18:13:18
351,tbd,lcamerana9q,rknotton9q,story,How are you rknotton9q?,2024-02-22 22:16:34
352,tbd,ividean9r,jmitroshinov9r,message,let's meet up sometime jmitroshinov9r?,2024-01-28 16:07:15
353,tbd,gjones9s,rbraywood9s,message,How are you rbraywood9s?,2024-02-19 09:45:12
354,tbd,rthunnercliffe9t,adyers9t,message,let’s get pizza sometime adyers9t?,2024-01-10 17:52:45
355,tbd,mtansly9u,dharrigan9u,message,whatcha up to dharrigan9u?,2024-01-03 13:37:15
356,tbd,sbosence9v,aleeb9v,message,Nice database aleeb9v?,2024-02-14 06:55:15
357,tbd,djury9w,thuson9w,message,I don’t want to see you thuson9w?,2024-01-26 23:51:46
358,tbd,rnockolds9x,lsennett9x,message,How are you lsennett9x?,2024-02-02 19:48:40
359,tbd,llangley9y,ageeraert9y,message,what's up ageeraert9y?,2024-01-10 03:59:05
360,tbd,mchristou9z,bspada9z,story,what's up bspada9z?,2024-02-16 23:09:55
361,tbd,cglabacha0,epaolonea0,message,Where are you epaolonea0?,2024-01-10 22:51:20
362,tbd,smonckmana1,dbuckbya1,story,how ya doin dbuckbya1?,2024-01-14 20:54:59
363,tbd,lholdwortha2,ssturgessa2,story,How are you ssturgessa2?,2024-02-08 23:54:32
364,tbd,awittiera3,asimoesa3,message,Nice database asimoesa3?,2024-02-11 13:51:31
365,tbd,mberkaa4,mkeverena4,message,How are you doing mkeverena4?,2024-02-18 06:55:54
366,tbd,mflecknoea5,gcutbirtha5,story,How are you doing gcutbirtha5?,2024-01-05 13:04:47
367,tbd,enutleya6,qbettanaya6,story,let's meet up sometime qbettanaya6?,2024-01-20 03:28:50
368,tbd,pluttya7,fwhissella7,message,sup fwhissella7?,2024-02-10 13:23:03
369,tbd,msartona8,amarchettia8,message,what's up amarchettia8?,2024-01-25 05:28:19
370,tbd,bbirdsalla9,taylina9,message,Hi taylina9?,2024-02-03 21:09:38
371,tbd,dneighbouraa,vfranzelaa,message,I don’t want to see you vfranzelaa?,2024-02-25 05:58:05
372,tbd,ccurringtonab,bbullivantab,story,how about it bbullivantab?,2024-01-06 12:37:57
373,tbd,elilbourneac,klongsonac,message,how ya doin klongsonac?,2024-02-18 18:42:48
374,tbd,nmccroaryad,thendinad,story,come hang w me thendinad?,2024-02-27 17:28:05
375,tbd,payrisae,tmacdermotae,message,Hey tmacdermotae?,2024-01-13 19:58:23
376,tbd,joliviaaf,pbragancaaf,story,go away pbragancaaf?,2024-02-17 11:04:25
377,tbd,gcarruthag,ssheadag,story,whatcha up to ssheadag?,2024-02-12 12:13:26
378,tbd,asireah,cgoodreidah,message,How are you cgoodreidah?,2024-01-29 20:21:36
379,tbd,cfifootai,dchimentiai,story,Where are you dchimentiai?,2024-01-18 19:11:08
380,tbd,dirdaleaj,wwhitwhamaj,message,how ya doin wwhitwhamaj?,2024-01-29 20:48:37
381,tbd,bsollomak,xmaypesak,message,Hey xmaypesak?,2024-01-15 20:05:59
382,tbd,isetchfieldal,sadriaensal,message,let’s get pizza sometime sadriaensal?,2024-02-26 03:27:55
383,tbd,apetrescuam,hgenningsam,message,sup hgenningsam?,2024-02-13 23:23:52
384,tbd,rsilcoxan,jturneyan,message,sup jturneyan?,2024-01-31 08:49:52
385,tbd,aheinleinao,jsphinxeao,message,sup jsphinxeao?,2024-01-02 20:07:41
386,tbd,kossultonap,cmcgirrap,story,go away cmcgirrap?,2024-02-11 18:04:55
387,tbd,icaselickaq,sshalcrasaq,story,whatcha up to sshalcrasaq?,2024-01-21 05:30:33
388,tbd,hcackettar,scalderaar,story,let's meet up sometime scalderaar?,2024-01-22 07:58:08
389,tbd,sshovelleras,elahiveas,story,what's up elahiveas?,2024-02-25 10:03:39
390,tbd,mlilleyat,hhuycheat,story,how ya doin hhuycheat?,2024-02-16 15:28:26
391,tbd,mmckevinau,wmaciejakau,story,let’s get pizza sometime wmaciejakau?,2024-01-11 05:10:18
392,tbd,lcanonav,zhowchinav,message,Nice database zhowchinav?,2024-02-13 18:10:48
393,tbd,mboyleaw,bdurwardaw,message,how about it bdurwardaw?,2024-01-21 03:59:02
394,tbd,jpollicottax,naikinax,message,go away naikinax?,2024-01-31 09:52:47
395,tbd,pfiridolfiay,cstratiffay,story,Nice database cstratiffay?,2024-02-19 22:55:44
396,tbd,hhamlingtonaz,rbrugemannaz,message,Hi rbrugemannaz?,2024-02-01 08:43:52
397,tbd,rciccib0,vvedyashkinb0,message,I don’t want to see you vvedyashkinb0?,2024-02-14 14:48:06
398,tbd,alittb1,bwehdenb1,message,Hey bwehdenb1?,2024-02-12 11:03:42
399,tbd,cbarckeb2,mwasmuthb2,message,I don’t want to see you mwasmuthb2?,2024-02-04 01:39:56
400,tbd,eloadesb3,cmcramseyb3,story,I would like to get to know you better cmcramseyb3?,2024-02-09 21:13:44
401,tbd,isorbieb4,colenchikovb4,story,how ya doin colenchikovb4?,2024-02-20 02:45:01
402,tbd,rhinrichsenb5,vbreddyb5,message,come hang w me vbreddyb5?,2024-02-13 10:26:34
403,tbd,kstumpb6,texpositob6,message,Where are you texpositob6?,2024-02-01 12:09:50
404,tbd,rlandyb7,gtompkissb7,message,come hang w me gtompkissb7?,2024-02-23 07:16:22
405,tbd,hcancelierb8,bmatsonb8,story,I don’t want to see you bmatsonb8?,2024-02-05 10:31:39
406,tbd,edasb9,jdoringb9,story,whatcha up to jdoringb9?,2024-02-15 10:38:24
407,tbd,rfeverba,jduddanba,message,let's meet up sometime jduddanba?,2024-02-15 00:41:12
408,tbd,jdouglassbb,pwillavoysbb,message,how about it pwillavoysbb?,2024-01-26 12:23:25
409,tbd,mhummerstonbc,spoelbc,story,whatcha up to spoelbc?,2024-01-29 19:03:11
410,tbd,wpetrollobd,awhimpbd,message,whatcha up to awhimpbd?,2024-02-02 06:49:02
411,tbd,hoclerybe,ctattershallbe,message,I would like to get to know you better ctattershallbe?,2024-01-12 19:46:13
412,tbd,fwisherbf,aszymonibf,story,Hey aszymonibf?,2024-01-13 03:12:53
413,tbd,ckleinpeltzbg,sbeachembg,message,how ya doin sbeachembg?,2024-01-25 05:13:53
414,tbd,rhagertybh,gcicchillobh,story,Let’s meet up gcicchillobh?,2024-01-22 10:32:07
415,tbd,agaishbi,rcouvesbi,story,sup rcouvesbi?,2024-01-19 10:38:02
416,tbd,omaxwalebj,pbarnsleybj,story,whatcha up to pbarnsleybj?,2024-01-03 12:12:29
417,tbd,pchidlowbk,efranceschinobk,story,Where are you efranceschinobk?,2024-02-13 07:33:14
418,tbd,tyakubovbl,chedaubl,story,Nice database chedaubl?,2024-02-01 19:05:38
419,tbd,mstrattenbm,cthebeaudbm,story,come hang w me cthebeaudbm?,2024-01-18 23:08:18
420,tbd,cdicarlibn,rmaestrinibn,story,what's up rmaestrinibn?,2024-01-25 16:52:29
421,tbd,bcawdellbo,yvankovbo,message,go away yvankovbo?,2024-02-23 11:12:00
422,tbd,ddoddingbp,pradagebp,story,how about it pradagebp?,2024-01-18 18:28:43
423,tbd,dpugsleybq,zcrowdbq,story,Hey zcrowdbq?,2024-01-22 10:49:07
424,tbd,ichittembr,cmackeegbr,message,Let’s meet up cmackeegbr?,2024-01-11 22:32:02
425,tbd,bracherbs,ialexsandrevbs,story,Let’s meet up ialexsandrevbs?,2024-02-05 13:10:49
426,tbd,mdjurisicbt,oluxfordbt,message,go away oluxfordbt?,2024-02-27 10:18:47
427,tbd,fsauntbu,lofallonebu,message,sup lofallonebu?,2024-02-07 16:35:11
428,tbd,bcruisebv,mgammackbv,message,what's up mgammackbv?,2024-01-13 12:58:18
429,tbd,srowlattbw,mnealybw,message,let's meet up sometime mnealybw?,2024-02-15 16:02:22
430,tbd,rburcombebx,gpettiforbx,story,how about it gpettiforbx?,2024-01-16 22:23:49
431,tbd,kbrotherhedby,tpontingby,story,whatcha up to tpontingby?,2024-01-31 23:46:56
432,tbd,tbuckokebz,lleatherlandbz,message,I don’t want to see you lleatherlandbz?,2024-01-22 00:52:04
433,tbd,alyddiattc0,bhillhousec0,story,Hi bhillhousec0?,2024-01-19 15:06:10
434,tbd,vlosebiec1,wspriggenc1,story,let’s get pizza sometime wspriggenc1?,2024-01-05 19:02:37
435,tbd,gwarrickc2,smacenzyc2,story,Hi smacenzyc2?,2024-01-18 00:31:47
436,tbd,cwhitleyc3,fdecrucec3,story,how about it fdecrucec3?,2024-01-12 17:41:32
437,tbd,rfreshwaterc4,csnarttc4,story,how ya doin csnarttc4?,2024-01-29 05:37:50
438,tbd,bdwyerc5,koldfieldcherryc5,message,what's up koldfieldcherryc5?,2024-02-16 15:30:28
439,tbd,akitsonc6,gbilbeec6,message,I don’t want to see you gbilbeec6?,2024-02-10 19:00:23
440,tbd,afurleyc7,tfalcoc7,story,come hang w me tfalcoc7?,2024-02-17 06:31:18
441,tbd,mhurlinc8,tcrutc8,message,whatcha up to tcrutc8?,2024-01-18 10:28:41
442,tbd,sshildrakec9,sarnaudonc9,message,come hang w me sarnaudonc9?,2024-01-12 23:11:15
443,tbd,gsummerlyca,gchaineyca,message,how ya doin gchaineyca?,2024-01-24 19:30:49
444,tbd,fstillingcb,vmatijaseviccb,message,come hang w me vmatijaseviccb?,2024-02-21 20:00:08
445,tbd,mberzonscc,ycapineercc,story,Nice database ycapineercc?,2024-02-15 02:54:12
446,tbd,yguppiecd,gwhitrodcd,story,How are you doing gwhitrodcd?,2024-01-17 19:30:39
447,tbd,sbullence,fjuszkiewiczce,story,come hang w me fjuszkiewiczce?,2024-02-13 07:54:30
448,tbd,bwheelancf,cmattussevichcf,message,I would like to get to know you better cmattussevichcf?,2024-02-09 06:07:03
449,tbd,mfeldhuhncg,sgeallcg,message,Nice database sgeallcg?,2024-01-28 01:46:48
450,tbd,aroddach,kguicech,story,Nice database kguicech?,2024-01-03 07:34:33
451,tbd,bglideci,lboatmanci,message,How are you lboatmanci?,2024-02-13 07:15:22
452,tbd,kstribblingcj,cshakespearcj,story,let's meet up sometime cshakespearcj?,2024-01-04 23:40:34
453,tbd,wbuxcyck,jcejkack,story,come hang w me jcejkack?,2024-02-21 18:33:37
454,tbd,cphantcl,randreonecl,story,come hang w me randreonecl?,2024-01-22 03:09:47
455,tbd,llittlechildcm,ahuffycm,message,whatcha up to ahuffycm?,2024-02-27 23:41:23
456,tbd,cchapellcn,jbettanaycn,message,sup jbettanaycn?,2024-02-15 19:24:48
457,tbd,mbardillco,hryrieco,story,what's up hryrieco?,2024-01-23 18:46:59
458,tbd,tgrigscp,droswarnecp,message,I would like to get to know you better droswarnecp?,2024-01-06 00:14:50
459,tbd,gflinncq,awrotchfordcq,story,Let’s meet up awrotchfordcq?,2024-01-16 19:37:36
460,tbd,ejohansencr,spagittcr,message,come hang w me spagittcr?,2024-02-01 07:32:48
461,tbd,aharburtsoncs,fcoggellcs,story,Where are you fcoggellcs?,2024-01-02 07:56:38
462,tbd,abalconct,rkynseyct,story,Where are you rkynseyct?,2024-01-31 08:07:27
463,tbd,jgianolocu,cstollsteimercu,message,Hi cstollsteimercu?,2024-02-16 10:49:24
464,tbd,mmanescv,ekeachcv,message,Let’s meet up ekeachcv?,2024-01-10 13:24:57
465,tbd,aplitzcw,cjopsoncw,story,how ya doin cjopsoncw?,2024-01-19 11:52:16
466,tbd,tlangsdoncx,bbeechingcx,story,How are you bbeechingcx?,2024-02-03 08:46:00
467,tbd,llarbycy,jadamovitzcy,story,sup jadamovitzcy?,2024-02-20 11:41:07
468,tbd,mboulstridgecz,dhiscoecz,message,let’s get pizza sometime dhiscoecz?,2024-01-19 18:40:52
469,tbd,bonowland0,jstannisd0,story,I don’t want to see you jstannisd0?,2024-01-23 06:07:21
470,tbd,kmaundd1,sgirardezd1,story,whatcha up to sgirardezd1?,2024-02-18 17:22:35
471,tbd,dlefevred2,nrangerd2,message,Hi nrangerd2?,2024-02-02 02:03:44
472,tbd,cgiacomozzod3,mfaradyd3,message,I don’t want to see you mfaradyd3?,2024-02-25 23:43:21
473,tbd,aedinborod4,rbelchamd4,message,Hi rbelchamd4?,2024-02-22 12:16:22
474,tbd,smcclaughlind5,dcondied5,story,I would like to get to know you better dcondied5?,2024-02-16 12:46:01
475,tbd,eocloneyd6,mvockingsd6,story,Where are you mvockingsd6?,2024-02-23 08:20:02
476,tbd,rpowelld7,rmccordd7,story,Hi rmccordd7?,2024-01-14 13:52:46
477,tbd,hbehrendsend8,fegginsond8,message,how about it fegginsond8?,2024-02-02 11:21:38
478,tbd,apetrazzid9,twaplintond9,message,go away twaplintond9?,2024-02-10 23:05:39
479,tbd,mbrettonerda,rwarbrickda,story,how ya doin rwarbrickda?,2024-01-14 03:16:46
480,tbd,dinddb,fmcsporondb,message,Hi fmcsporondb?,2024-01-02 15:21:41
481,tbd,bbarrsdc,pradcliffedc,story,Nice database pradcliffedc?,2024-01-27 03:11:08
482,tbd,bmitchensondd,ndesouzadd,message,sup ndesouzadd?,2024-02-02 12:40:08
483,tbd,closekede,mghidettide,message,Nice database mghidettide?,2024-01-08 14:52:46
484,tbd,fbaverstockdf,chueydf,message,go away chueydf?,2024-01-30 22:32:06
485,tbd,hdarrachdg,wlonghornedg,message,Hi wlonghornedg?,2024-02-24 13:44:55
486,tbd,ssteagalldh,memerinedh,message,sup memerinedh?,2024-02-03 15:12:56
487,tbd,dgellertdi,smarkiedi,message,how ya doin smarkiedi?,2024-01-03 11:02:37
488,tbd,cwhittadj,alarbydj,message,whatcha up to alarbydj?,2024-02-22 06:46:43
489,tbd,egradleydk,lbushdk,message,How are you lbushdk?,2024-02-06 22:12:13
490,tbd,bhowiesondl,gbroudl,message,let’s get pizza sometime gbroudl?,2024-01-08 18:31:03
491,tbd,pmogenotdm,loakenfielddm,message,Hey loakenfielddm?,2024-02-21 19:19:43
492,tbd,hmccalisterdn,tgeraudeldn,message,How are you doing tgeraudeldn?,2024-01-23 15:48:18
493,tbd,wdightondo,rgrewdo,message,sup rgrewdo?,2024-02-11 11:53:15
494,tbd,calexanderdp,shitzkedp,message,How are you doing shitzkedp?,2024-01-23 13:33:35
495,tbd,shalliwelldq,kvarfolomeevdq,story,sup kvarfolomeevdq?,2024-01-20 18:05:00
496,tbd,jscurreydr,ljerranddr,story,I don’t want to see you ljerranddr?,2024-01-24 11:32:43
497,tbd,cperllmands,bjouends,story,How are you bjouends?,2024-01-02 22:48:50
498,tbd,adandt,kpadmoredt,story,whatcha up to kpadmoredt?,2024-01-14 07:22:11
499,tbd,cphilpindu,agisbornedu,message,Where are you agisbornedu?,2024-02-05 02:12:34
500,tbd,wlapsliedv,alimbertdv,message,sup alimbertdv?,2024-01-09 02:21:44
501,tbd,mtuckiedw,jslewcockdw,message,How are you jslewcockdw?,2024-01-18 00:38:22
502,tbd,dpittendreighdx,jzanettidx,message,How are you jzanettidx?,2024-01-13 22:00:59
503,tbd,dosherrindy,ddraiseydy,message,come hang w me ddraiseydy?,2024-01-17 16:56:05
504,tbd,adillestondz,gauklanddz,story,I don’t want to see you gauklanddz?,2024-02-13 05:01:37
505,tbd,rhaslehurste0,daxlebye0,message,Where are you daxlebye0?,2024-02-07 16:53:20
506,tbd,loxladee1,rbellefontee1,story,let’s get pizza sometime rbellefontee1?,2024-01-24 19:54:23
507,tbd,pdinningtone2,ebestee2,story,come hang w me ebestee2?,2024-02-02 00:25:51
508,tbd,ewornere3,jdumberelle3,story,Nice database jdumberelle3?,2024-02-16 18:32:31
509,tbd,shatricke4,dguerreroe4,story,I don’t want to see you dguerreroe4?,2024-02-18 17:17:58
510,tbd,bfisbburnee5,bwielde5,story,I would like to get to know you better bwielde5?,2024-01-24 21:49:18
511,tbd,fbeavise6,jrelphe6,story,Hi jrelphe6?,2024-02-01 20:07:38
512,tbd,dbuntone7,ghardinge7,message,let's meet up sometime ghardinge7?,2024-01-07 07:42:19
513,tbd,dthone8,ikerfode8,story,Let’s meet up ikerfode8?,2024-02-20 12:41:24
514,tbd,aphilippe9,nwannese9,story,how about it nwannese9?,2024-01-18 20:16:32
515,tbd,mrosengrenea,sfearonea,message,Hey sfearonea?,2024-02-12 11:54:32
516,tbd,plindblomeb,dgypsoneb,story,come hang w me dgypsoneb?,2024-01-04 05:00:13
517,tbd,aselwyneec,rhartupec,story,let’s get pizza sometime rhartupec?,2024-02-08 02:01:27
518,tbd,gleestuted,vingermaned,story,Hi vingermaned?,2024-01-28 11:46:59
519,tbd,jlunbechee,thabbemaee,message,Where are you thabbemaee?,2024-02-07 15:09:22
520,tbd,wperingef,tgilleyef,message,go away tgilleyef?,2024-02-02 10:31:15
521,tbd,gtroddeneg,bwinsleyeg,story,how ya doin bwinsleyeg?,2024-02-27 14:01:58
522,tbd,pstoffeleh,tvennerseh,message,let’s get pizza sometime tvennerseh?,2024-01-20 16:16:10
523,tbd,dgreenroaei,zclaeskensei,message,How are you zclaeskensei?,2024-02-20 12:44:14
524,tbd,sgooddieej,aquailej,story,Let’s meet up aquailej?,2024-01-17 15:45:26
525,tbd,ljakoek,kbostonek,story,How are you doing kbostonek?,2024-01-14 08:32:43
526,tbd,dcogleyel,ftomalael,story,How are you doing ftomalael?,2024-02-03 00:11:00
527,tbd,ahendriksem,fhiornem,message,Hey fhiornem?,2024-02-17 12:42:13
528,tbd,mskowcraften,cchristensenen,message,come hang w me cchristensenen?,2024-01-04 20:16:10
529,tbd,jtrebilcockeo,celcomeo,message,what's up celcomeo?,2024-02-03 06:42:15
530,tbd,syaninep,frissoep,story,let’s get pizza sometime frissoep?,2024-02-24 03:19:48
531,tbd,emarkeleq,cdyerseq,message,how ya doin cdyerseq?,2024-02-23 13:23:21
532,tbd,uchadbourner,zstranker,message,come hang w me zstranker?,2024-01-25 02:06:10
533,tbd,jdanettes,fmcgavines,story,what's up fmcgavines?,2024-02-07 21:21:01
534,tbd,fcosteret,rcammoileet,story,what's up rcammoileet?,2024-01-30 19:45:12
535,tbd,mkubyszekeu,aingremeu,story,Where are you aingremeu?,2024-02-13 04:54:03
536,tbd,gdummerev,dmagnerev,story,How are you dmagnerev?,2024-02-22 23:43:49
537,tbd,rnewissew,gmatusovskyew,story,I don’t want to see you gmatusovskyew?,2024-01-31 11:46:59
538,tbd,eyakubovicsex,pdobrovolnyex,story,Where are you pdobrovolnyex?,2024-02-06 20:57:10
539,tbd,jvasentsovey,gmcgiffieey,story,Where are you gmcgiffieey?,2024-02-13 03:50:17
540,tbd,squarrellez,dreamsez,story,whatcha up to dreamsez?,2024-01-12 09:57:49
541,tbd,jstrutleyf0,amachelf0,story,Hi amachelf0?,2024-02-07 23:21:03
542,tbd,kgovernf1,splankef1,story,Hi splankef1?,2024-02-04 10:24:03
543,tbd,pbatramf2,lstonardf2,message,how about it lstonardf2?,2024-01-17 17:07:40
544,tbd,kiorif3,dizhakovf3,message,How are you dizhakovf3?,2024-01-01 20:44:19
545,tbd,medmeadf4,rswettf4,story,how ya doin rswettf4?,2024-02-02 22:20:36
546,tbd,ddemangeotf5,fgerardeauxf5,story,Where are you fgerardeauxf5?,2024-02-01 20:35:45
547,tbd,fryalf6,mkerwickf6,story,come hang w me mkerwickf6?,2024-02-01 23:52:28
548,tbd,ayeudef7,nattreef7,message,sup nattreef7?,2024-02-13 06:28:21
549,tbd,mberardf8,jhutfieldf8,story,let's meet up sometime jhutfieldf8?,2024-01-17 04:12:21
550,tbd,gbernardesf9,bledburyf9,story,what's up bledburyf9?,2024-01-25 14:40:40
551,tbd,rwallegefa,ilunneyfa,message,what's up ilunneyfa?,2024-02-07 22:24:20
552,tbd,tliasfb,prohlfsfb,message,Where are you prohlfsfb?,2024-02-27 03:33:57
553,tbd,jbockfc,obenningerfc,message,I would like to get to know you better obenningerfc?,2024-01-11 12:08:44
554,tbd,jhainsfd,rclendinningfd,story,go away rclendinningfd?,2024-02-03 04:28:09
555,tbd,psmogurfe,rfursefe,story,Where are you rfursefe?,2024-01-30 04:33:12
556,tbd,lgabbitasff,rwaskettff,message,How are you rwaskettff?,2024-02-05 23:35:04
557,tbd,aalbuttfg,efenimorefg,message,Hi efenimorefg?,2024-01-08 06:10:39
558,tbd,lwalklettfh,nsiemonsfh,message,I don’t want to see you nsiemonsfh?,2024-02-07 04:21:24
559,tbd,kmuskfi,sgrayshonfi,story,Where are you sgrayshonfi?,2024-01-09 00:11:43
560,tbd,dgiacopazzifj,lwoodardfj,story,go away lwoodardfj?,2024-01-25 21:44:07
561,tbd,sarlidgefk,gdorefk,story,come hang w me gdorefk?,2024-02-27 11:59:23
562,tbd,bdaveyfl,cwiskerfl,message,come hang w me cwiskerfl?,2024-02-27 19:25:09
563,tbd,larnfieldfm,zsolefm,message,Where are you zsolefm?,2024-01-05 15:14:22
564,tbd,bmucklefn,mgoudefn,message,what's up mgoudefn?,2024-02-27 14:38:13
565,tbd,djobesfo,vcasterotfo,story,Where are you vcasterotfo?,2024-02-13 21:57:12
566,tbd,rwagenenfp,scudbirdfp,message,come hang w me scudbirdfp?,2024-01-14 15:06:46
567,tbd,dgiacomuzzifq,flearmouthfq,message,let's meet up sometime flearmouthfq?,2024-02-06 15:48:27
568,tbd,kcorbinfr,cblumirefr,story,come hang w me cblumirefr?,2024-02-17 17:58:32
569,tbd,kjohannesfs,emablestonefs,story,whatcha up to emablestonefs?,2024-02-20 14:06:45
570,tbd,wmilierft,clyburnft,message,let’s get pizza sometime clyburnft?,2024-02-04 01:58:05
571,tbd,bgillottfu,wewolsfu,message,let’s get pizza sometime wewolsfu?,2024-01-16 00:53:17
572,tbd,ayoungsfv,gguyfv,message,sup gguyfv?,2024-02-20 23:37:25
573,tbd,nlarivefw,ldartfw,story,Hi ldartfw?,2024-02-03 13:14:53
574,tbd,gsurridgefx,sbarnishfx,message,Where are you sbarnishfx?,2024-01-25 10:08:08
575,tbd,dcabenafy,ameertfy,message,how about it ameertfy?,2024-02-08 03:12:30
576,tbd,kadaofz,sveldefz,message,Let’s meet up sveldefz?,2024-02-16 18:37:30
577,tbd,wreithg0,bcampsg0,message,I would like to get to know you better bcampsg0?,2024-01-28 03:42:41
578,tbd,yevangelinosg1,lrecordsg1,story,whatcha up to lrecordsg1?,2024-01-26 01:26:46
579,tbd,ggrahlg2,eshadwickg2,story,what's up eshadwickg2?,2024-02-05 15:53:00
580,tbd,dflintiffg3,rbirtsg3,story,I don’t want to see you rbirtsg3?,2024-02-26 00:36:04
581,tbd,cisaaksohng4,capplewhiteg4,message,how about it capplewhiteg4?,2024-01-18 04:29:55
582,tbd,bdarkinsg5,awidocksg5,message,I don’t want to see you awidocksg5?,2024-02-22 03:03:29
583,tbd,shumphreyg6,phowg6,story,how about it phowg6?,2024-02-12 18:13:15
584,tbd,cmaceyg7,mlyardg7,story,How are you mlyardg7?,2024-01-18 04:38:50
585,tbd,ccastanedag8,schisnellg8,message,I don’t want to see you schisnellg8?,2024-01-19 15:49:15
586,tbd,kcansdallg9,mpeeblesg9,story,how ya doin mpeeblesg9?,2024-01-21 01:35:00
587,tbd,hgarroldga,jbeadelga,message,I don’t want to see you jbeadelga?,2024-01-12 04:11:03
588,tbd,lsavinsgb,wleinwebergb,story,come hang w me wleinwebergb?,2024-02-14 17:39:28
589,tbd,lwilsheregc,lannesleygc,story,go away lannesleygc?,2024-01-19 03:51:23
590,tbd,rpurbrickgd,ncongrevegd,story,Nice database ncongrevegd?,2024-02-26 22:26:32
591,tbd,sargonttge,kwreightge,story,Hi kwreightge?,2024-01-21 02:22:21
592,tbd,cpachmanngf,msuscensgf,story,Hey msuscensgf?,2024-02-06 11:41:24
593,tbd,hmapledooregg,ibraddergg,story,what's up ibraddergg?,2024-01-03 14:48:13
594,tbd,gyulegh,ojossgh,message,let's meet up sometime ojossgh?,2024-02-25 00:48:03
595,tbd,thamshawgi,jspiviegi,message,how about it jspiviegi?,2024-01-10 03:07:23
596,tbd,jayresgj,jmorrillygj,message,what's up jmorrillygj?,2024-02-10 22:39:23
597,tbd,jbouslergk,morrissgk,message,Hi morrissgk?,2024-01-13 20:00:14
598,tbd,blarmorgl,jarmitgl,story,how about it jarmitgl?,2024-02-11 07:30:55
599,tbd,ltokellgm,bscoldinggm,message,what's up bscoldinggm?,2024-02-23 22:36:52
600,tbd,umetcalfegn,aouslemgn,story,go away aouslemgn?,2024-01-09 06:20:24
601,tbd,gdyballgo,mcaswellgo,story,Nice database mcaswellgo?,2024-02-16 02:06:27
602,tbd,bmeakingp,tleppingwellgp,message,How are you tleppingwellgp?,2024-02-08 08:16:32
603,tbd,dgostickgq,awengergq,story,How are you doing awengergq?,2024-01-07 05:42:17
604,tbd,rmuzzinigr,mmounseygr,story,sup mmounseygr?,2024-02-10 15:42:05
605,tbd,bfarlambegs,ncrottygs,message,How are you ncrottygs?,2024-02-07 07:51:34
606,tbd,syorstongt,wcraykergt,story,I would like to get to know you better wcraykergt?,2024-02-18 13:44:57
607,tbd,zmaxworthygu,jscarasbrickgu,story,what's up jscarasbrickgu?,2024-02-04 12:28:27
608,tbd,ibradfordgv,kcultergv,message,go away kcultergv?,2024-01-04 02:02:48
609,tbd,dyvengw,ehearndengw,message,How are you doing ehearndengw?,2024-01-09 05:45:58
610,tbd,ebutterlygx,roheagertiegx,story,Let’s meet up roheagertiegx?,2024-01-17 14:52:08
611,tbd,bsirrellgy,jhodginsgy,message,How are you doing jhodginsgy?,2024-01-23 15:27:10
612,tbd,eimmergz,hminallgz,message,Let’s meet up hminallgz?,2024-01-26 17:22:40
613,tbd,kbauerh0,kchavezh0,message,whatcha up to kchavezh0?,2024-01-23 06:40:50
614,tbd,agiorgiuttih1,bcicceraleh1,story,whatcha up to bcicceraleh1?,2024-01-17 13:35:06
615,tbd,sduffetth2,jwoodroughh2,message,I would like to get to know you better jwoodroughh2?,2024-02-25 09:05:21
616,tbd,mflecknoh3,ledwickh3,message,whatcha up to ledwickh3?,2024-01-26 15:48:09
617,tbd,seuplateh4,snutbeamh4,message,Let’s meet up snutbeamh4?,2024-01-04 05:58:30
618,tbd,bcrallanh5,gbenmoreh5,message,let's meet up sometime gbenmoreh5?,2024-02-03 08:42:23
619,tbd,ddobingh6,pmccahillh6,message,Hey pmccahillh6?,2024-01-09 17:20:57
620,tbd,hnindh7,lcarltonh7,message,I would like to get to know you better lcarltonh7?,2024-02-02 13:35:45
621,tbd,slongriggh8,fgillmanh8,message,Let’s meet up fgillmanh8?,2024-02-06 00:08:00
622,tbd,mjoiceyh9,rweatherbyh9,message,let’s get pizza sometime rweatherbyh9?,2024-01-27 23:30:03
623,tbd,tbourdelha,mwinslowha,story,I would like to get to know you better mwinslowha?,2024-02-03 06:34:53
624,tbd,sblibenhb,rrandersonhb,message,Let’s meet up rrandersonhb?,2024-02-18 15:54:14
625,tbd,hcinohc,gfarleyhc,message,sup gfarleyhc?,2024-01-31 06:08:45
626,tbd,cdeancywillishd,bmeneuxhd,message,Where are you bmeneuxhd?,2024-01-18 03:54:05
627,tbd,ajeffelshe,prossanderhe,story,how ya doin prossanderhe?,2024-02-02 21:38:27
628,tbd,rcreamhf,dpensonhf,story,Where are you dpensonhf?,2024-02-26 23:45:04
629,tbd,eduerhg,apeironehg,message,Hey apeironehg?,2024-01-14 09:40:10
630,tbd,vphipardshearshh,mgoodbournhh,message,what's up mgoodbournhh?,2024-01-02 22:34:39
631,tbd,rhowroydhi,dgalehi,message,let's meet up sometime dgalehi?,2024-02-27 16:32:36
632,tbd,ctevelovhj,pleadbitterhj,message,how ya doin pleadbitterhj?,2024-01-22 01:52:54
633,tbd,edunstonhk,knutthk,message,let’s get pizza sometime knutthk?,2024-02-20 06:53:15
634,tbd,pmossomhl,ngeorgeouhl,story,how ya doin ngeorgeouhl?,2024-01-16 21:28:11
635,tbd,tmaymandhm,dstreethm,story,how ya doin dstreethm?,2024-02-14 23:04:52
636,tbd,cdoolehn,dkeesehn,story,how ya doin dkeesehn?,2024-01-20 10:15:25
637,tbd,gpedriho,cslevinho,story,I don’t want to see you cslevinho?,2024-01-26 13:07:50
638,tbd,mrancehp,shrushp,message,I don’t want to see you shrushp?,2024-01-16 21:18:01
639,tbd,bedlynehq,avaughtenhq,message,come hang w me avaughtenhq?,2024-02-24 00:59:59
640,tbd,dhickinbottomhr,akemethr,story,Hi akemethr?,2024-02-05 02:36:52
641,tbd,qdenisohs,bloweryhs,message,what's up bloweryhs?,2024-01-15 17:16:19
642,tbd,bdonnellyht,pstealfoxht,message,let’s get pizza sometime pstealfoxht?,2024-02-06 00:24:41
643,tbd,mmackimhu,kmckeemanhu,message,what's up kmckeemanhu?,2024-02-08 17:54:06
644,tbd,efinanhv,pjeffryeshv,story,go away pjeffryeshv?,2024-01-28 06:15:44
645,tbd,adalleyhw,bantwishw,message,How are you doing bantwishw?,2024-02-21 21:30:16
646,tbd,ewenzelhx,mroswarnhx,message,Let’s meet up mroswarnhx?,2024-02-09 00:35:00
647,tbd,gpharehy,taggushy,story,I don’t want to see you taggushy?,2024-02-15 23:31:21
648,tbd,nesliehz,flenevehz,story,whatcha up to flenevehz?,2024-02-16 02:50:14
649,tbd,glonergani0,fcleynmani0,story,I would like to get to know you better fcleynmani0?,2024-01-13 06:22:32
650,tbd,estammeri1,ptummonsi1,message,I don’t want to see you ptummonsi1?,2024-02-21 06:27:58
651,tbd,asandsallani2,elefeaveri2,message,Where are you elefeaveri2?,2024-02-14 05:40:37
652,tbd,syaldeni3,hbrilli3,story,let's meet up sometime hbrilli3?,2024-01-10 14:54:28
653,tbd,tculweni4,lwoolvini4,story,let's meet up sometime lwoolvini4?,2024-02-05 19:32:44
654,tbd,ldeathi5,rendecotti5,message,I don’t want to see you rendecotti5?,2024-01-07 18:25:58
655,tbd,gjoslingi6,kthorlbyi6,story,how about it kthorlbyi6?,2024-01-05 05:00:31
656,tbd,jraggitti7,gdonovani7,story,what's up gdonovani7?,2024-01-23 16:06:57
657,tbd,nklussi8,dklusi8,story,Let’s meet up dklusi8?,2024-02-05 17:29:44
658,tbd,skeldi9,mlookeri9,message,whatcha up to mlookeri9?,2024-01-28 19:40:11
659,tbd,bkainia,bjellingsia,message,Let’s meet up bjellingsia?,2024-01-01 02:17:10
660,tbd,malleryib,lmilnesib,story,come hang w me lmilnesib?,2024-02-25 08:47:24
661,tbd,ldumingosic,steeneyic,message,Nice database steeneyic?,2024-02-26 22:53:48
662,tbd,amccarneyid,derskineid,message,let's meet up sometime derskineid?,2024-02-10 07:47:21
663,tbd,umaffucciie,hblakestonie,message,let’s get pizza sometime hblakestonie?,2024-02-10 20:45:33
664,tbd,jfrederickif,foshieldsif,story,How are you foshieldsif?,2024-01-30 15:38:16
665,tbd,esislandig,arissomig,message,go away arissomig?,2024-01-22 18:44:20
666,tbd,slorrymanih,ajaineih,message,let’s get pizza sometime ajaineih?,2024-02-17 03:02:56
667,tbd,fwashtellii,dsebleyii,story,How are you dsebleyii?,2024-01-09 11:22:44
668,tbd,wduckfieldij,ahankeyij,message,sup ahankeyij?,2024-02-14 01:01:26
669,tbd,awoollinik,miacovidesik,story,sup miacovidesik?,2024-02-02 04:58:29
670,tbd,jmacneachtainil,sgookesil,story,whatcha up to sgookesil?,2024-01-02 00:32:33
671,tbd,scarleim,mtebbitim,message,Hey mtebbitim?,2024-02-05 18:40:51
672,tbd,cbourin,mmaggillandreisin,message,Hi mmaggillandreisin?,2024-01-15 09:05:54
673,tbd,fquiggio,joscolleeio,story,I would like to get to know you better joscolleeio?,2024-01-26 02:31:49
674,tbd,rgreggorip,dsandifordip,story,go away dsandifordip?,2024-01-29 14:37:01
675,tbd,ytoothilliq,echilderhouseiq,message,how about it echilderhouseiq?,2024-01-18 06:53:36
676,tbd,plongriggir,ckarlqvistir,story,come hang w me ckarlqvistir?,2024-02-21 04:52:28
677,tbd,cfellosis,tleggingis,message,Hey tleggingis?,2024-01-24 10:08:32
678,tbd,hfabbriit,tscrowbyit,message,let’s get pizza sometime tscrowbyit?,2024-01-05 08:30:34
679,tbd,ssnaithiu,ehowieiu,message,what's up ehowieiu?,2024-01-14 17:14:01
680,tbd,jkolyaginiv,apigfordiv,message,Where are you apigfordiv?,2024-01-14 08:05:48
681,tbd,jassadiw,fvyeiw,story,let's meet up sometime fvyeiw?,2024-01-29 03:56:17
682,tbd,gdeernessix,jismailix,message,sup jismailix?,2024-01-16 05:17:01
683,tbd,jspurriariy,fstoppardiy,message,how about it fstoppardiy?,2024-02-13 07:29:31
684,tbd,santonelliiz,bleprovestiz,story,what's up bleprovestiz?,2024-02-06 14:45:14
685,tbd,ddalesioj0,cbennj0,story,come hang w me cbennj0?,2024-01-25 08:42:06
686,tbd,pgeorgerj1,cpelzj1,message,come hang w me cpelzj1?,2024-01-28 22:13:01
687,tbd,eruberyj2,chanwayj2,message,Let’s meet up chanwayj2?,2024-01-24 22:39:31
688,tbd,mcornj3,oclaydenj3,message,How are you oclaydenj3?,2024-01-25 23:55:32
689,tbd,aholywellj4,vlissimorej4,story,How are you vlissimorej4?,2024-02-03 10:33:42
690,tbd,battreedj5,wclemptonj5,story,How are you doing wclemptonj5?,2024-02-20 16:07:31
691,tbd,kglentzj6,tbowdlerj6,story,how ya doin tbowdlerj6?,2024-01-22 06:40:54
692,tbd,idagnallj7,gherleyj7,message,let’s get pizza sometime gherleyj7?,2024-02-03 07:33:59
693,tbd,kpietrasikj8,astennersj8,story,how ya doin astennersj8?,2024-02-02 02:28:47
694,tbd,tgilderoyj9,rstiegerj9,message,go away rstiegerj9?,2024-01-16 06:20:17
695,tbd,krouffja,esweetmanja,story,I don’t want to see you esweetmanja?,2024-01-30 08:36:16
696,tbd,fchessumjb,dmixonjb,message,whatcha up to dmixonjb?,2024-01-20 10:00:03
697,tbd,dsichajc,jmcbridejc,message,what's up jmcbridejc?,2024-02-20 22:28:46
698,tbd,aingonjd,scellierjd,message,How are you scellierjd?,2024-02-24 22:36:48
699,tbd,ebecksje,dearlesje,message,let’s get pizza sometime dearlesje?,2024-02-24 08:36:43
700,tbd,cfarrahjf,mmoizerjf,story,how ya doin mmoizerjf?,2024-01-06 13:05:39
701,tbd,vhischkejg,mbunnjg,message,I would like to get to know you better mbunnjg?,2024-02-21 02:57:13
702,tbd,sesslementjh,jwhitesonjh,story,I don’t want to see you jwhitesonjh?,2024-01-12 08:41:02
703,tbd,llocksji,wmcclementsji,message,how ya doin wmcclementsji?,2024-02-12 12:11:05
704,tbd,osodojj,asimonetonjj,message,Where are you asimonetonjj?,2024-01-08 08:00:47
705,tbd,asinncockjk,lshapterjk,story,How are you doing lshapterjk?,2024-02-08 05:52:52
706,tbd,sclausjl,preddochjl,message,Where are you preddochjl?,2024-02-23 19:14:28
707,tbd,gtriggeljm,mfearnehoughjm,message,sup mfearnehoughjm?,2024-01-28 15:38:48
708,tbd,amcgiffjn,mhuberyjn,story,go away mhuberyjn?,2024-02-21 22:36:03
709,tbd,xwawerjo,jwarlockjo,story,come hang w me jwarlockjo?,2024-01-13 00:27:46
710,tbd,tmarienjp,mgummejp,message,how about it mgummejp?,2024-02-10 17:52:36
711,tbd,spannettjq,celacoatejq,story,go away celacoatejq?,2024-01-12 16:08:59
712,tbd,aparnhamjr,cgiffenjr,message,I don’t want to see you cgiffenjr?,2024-02-11 08:38:04
713,tbd,jkitherjs,mdimanchejs,message,how about it mdimanchejs?,2024-02-04 18:54:52
714,tbd,hdruryjt,bbavridgejt,message,how ya doin bbavridgejt?,2024-02-16 06:14:49
715,tbd,agarriqueju,jtinniswoodju,message,I don’t want to see you jtinniswoodju?,2024-01-26 21:44:13
716,tbd,rharrisjv,qkobjv,story,what's up qkobjv?,2024-02-09 21:45:59
717,tbd,mbalderyjw,kstephensjw,message,I would like to get to know you better kstephensjw?,2024-02-23 06:58:12
718,tbd,wbeynknjx,mshevlanejx,message,I would like to get to know you better mshevlanejx?,2024-02-08 05:08:31
719,tbd,ykyrkemanjy,amccarryjy,message,Hey amccarryjy?,2024-01-11 19:58:04
720,tbd,atriggjz,fmcfadinjz,message,sup fmcfadinjz?,2024-01-09 16:25:43
721,tbd,ktallquistk0,elivensk0,message,go away elivensk0?,2024-02-19 08:48:16
722,tbd,mrubinsaftk1,tdeathridgek1,message,whatcha up to tdeathridgek1?,2024-02-25 16:40:47
723,tbd,bmckevanyk2,kscotchmork2,story,let's meet up sometime kscotchmork2?,2024-02-01 19:54:38
724,tbd,eginglesk3,edandok3,story,how about it edandok3?,2024-01-22 08:14:13
725,tbd,mgarrk4,dgambellk4,story,go away dgambellk4?,2024-01-27 14:36:38
726,tbd,mcostark5,banneark5,story,what's up banneark5?,2024-01-21 07:53:58
727,tbd,leskriggk6,hspaltonk6,message,go away hspaltonk6?,2024-01-09 15:01:56
728,tbd,cmoohank7,ebrodeurk7,story,whatcha up to ebrodeurk7?,2024-01-18 18:10:23
729,tbd,aarnelyk8,uleonardsk8,message,what's up uleonardsk8?,2024-02-23 12:22:18
730,tbd,fmiddlehurstk9,bsideryk9,story,I don’t want to see you bsideryk9?,2024-02-07 09:05:50
731,tbd,shollingbyka,pspurdenska,story,Nice database pspurdenska?,2024-01-04 19:05:28
732,tbd,vtoekb,jbarrattkb,message,Hi jbarrattkb?,2024-01-20 01:42:10
733,tbd,gblisskc,tmowattkc,story,How are you tmowattkc?,2024-02-09 07:35:46
734,tbd,sfullekd,mbaitsonkd,story,how ya doin mbaitsonkd?,2024-01-09 05:22:43
735,tbd,gheasleyke,rrackke,story,let’s get pizza sometime rrackke?,2024-01-25 19:08:45
736,tbd,mfindonkf,mshererkf,story,How are you doing mshererkf?,2024-02-03 03:11:58
737,tbd,sinnocentikg,apeirokg,message,let's meet up sometime apeirokg?,2024-01-06 02:23:49
738,tbd,mseabonkh,kplaitkh,story,Hey kplaitkh?,2024-01-31 22:49:59
739,tbd,pjekyllki,rmcgarrahanki,message,How are you doing rmcgarrahanki?,2024-02-23 19:42:57
740,tbd,bbeasleykj,dlawdaykj,message,go away dlawdaykj?,2024-01-27 07:02:04
741,tbd,sdiglekk,ghazartkk,story,whatcha up to ghazartkk?,2024-01-16 19:31:53
742,tbd,tokerinkl,ypillanskl,story,Where are you ypillanskl?,2024-02-20 08:50:21
743,tbd,mduckerinkm,ntheobaldkm,story,Hey ntheobaldkm?,2024-01-22 09:49:54
744,tbd,psnelgrovekn,lcradykn,story,how about it lcradykn?,2024-01-07 02:44:09
745,tbd,amatijasevicko,fcullingtonko,story,I don’t want to see you fcullingtonko?,2024-02-14 17:49:12
746,tbd,jhookskp,gmollittkp,story,I would like to get to know you better gmollittkp?,2024-01-09 02:10:00
747,tbd,cburgumkq,kolcotkq,story,Let’s meet up kolcotkq?,2024-01-28 01:07:25
748,tbd,ldohrkr,pstertekr,story,how about it pstertekr?,2024-02-22 18:05:29
749,tbd,lavrahamoffks,bgriegks,story,Hey bgriegks?,2024-01-14 22:33:19
750,tbd,rvouleskt,zjohanssenkt,message,sup zjohanssenkt?,2024-02-05 15:44:54
751,tbd,glidierthku,msunterku,story,sup msunterku?,2024-02-12 18:16:11
752,tbd,fcandiekv,vanglishkv,message,whatcha up to vanglishkv?,2024-02-10 06:32:45
753,tbd,jtollitkw,jshureykw,story,let's meet up sometime jshureykw?,2024-02-02 18:16:21
754,tbd,thileykx,jgotfreykx,story,how about it jgotfreykx?,2024-02-27 22:16:59
755,tbd,dkeartonky,mbanckky,message,Hi mbanckky?,2024-01-20 16:19:41
756,tbd,dmcfadyenkz,kmccoidkz,message,what's up kmccoidkz?,2024-02-26 04:38:41
757,tbd,amacgraghl0,cguswelll0,story,let's meet up sometime cguswelll0?,2024-02-17 13:42:32
758,tbd,ehirtzmannl1,pvynehalll1,story,let’s get pizza sometime pvynehalll1?,2024-02-06 15:09:00
759,tbd,hcatlettel2,psifleetl2,story,Where are you psifleetl2?,2024-02-08 10:02:02
760,tbd,rpaddemorel3,fpownalll3,story,whatcha up to fpownalll3?,2024-01-18 02:20:06
761,tbd,chawneyl4,cdanel4,story,let’s get pizza sometime cdanel4?,2024-01-31 10:49:21
762,tbd,henricol5,bkibbeyl5,story,I don’t want to see you bkibbeyl5?,2024-01-27 18:05:31
763,tbd,vfrisdickl6,ltiernyl6,story,how about it ltiernyl6?,2024-01-09 22:39:56
764,tbd,vmcdilll7,yelhaml7,story,how about it yelhaml7?,2024-01-21 01:13:38
765,tbd,rcotsfordl8,lgurlingl8,message,come hang w me lgurlingl8?,2024-02-03 02:22:33
766,tbd,flambertil9,lianizzil9,story,How are you lianizzil9?,2024-01-11 17:55:43
767,tbd,tmccaughranla,zgammetla,message,Where are you zgammetla?,2024-01-15 12:39:23
768,tbd,abrissendenlb,sbeekelb,story,come hang w me sbeekelb?,2024-01-07 03:47:20
769,tbd,kcouronnelc,cnewshamlc,message,let's meet up sometime cnewshamlc?,2024-02-17 02:35:33
770,tbd,msentanceld,rrevelleld,message,Where are you rrevelleld?,2024-01-21 13:24:45
771,tbd,smalonele,akoomarle,message,Let’s meet up akoomarle?,2024-02-11 03:28:52
772,tbd,pbalcocklf,lbernardinolf,story,How are you lbernardinolf?,2024-01-26 16:42:48
773,tbd,gpopeleylg,dcliffordlg,story,go away dcliffordlg?,2024-02-25 10:31:22
774,tbd,etorrentlh,lferrolh,story,Hi lferrolh?,2024-02-17 19:32:39
775,tbd,mclacli,rbenjafieldli,message,Nice database rbenjafieldli?,2024-02-23 10:25:19
776,tbd,gswiftlj,mdarrowlj,message,go away mdarrowlj?,2024-02-02 19:47:37
777,tbd,dgladinglk,ltalmadgelk,story,what's up ltalmadgelk?,2024-01-25 18:17:35
778,tbd,mklimkinll,cnisbyll,story,let's meet up sometime cnisbyll?,2024-01-15 07:54:47
779,tbd,ohuettlm,dsteutlylm,story,let’s get pizza sometime dsteutlylm?,2024-02-25 13:04:05
780,tbd,fwasbroughln,lsandaverln,message,I would like to get to know you better lsandaverln?,2024-01-08 12:54:07
781,tbd,bmcamishlo,sviegaslo,story,Hi sviegaslo?,2024-01-15 07:43:30
782,tbd,ddunnlp,saronowiczlp,message,whatcha up to saronowiczlp?,2024-01-19 05:42:12
783,tbd,jlivseylq,jsherwynlq,story,Hi jsherwynlq?,2024-02-19 01:48:11
784,tbd,wlegatlr,lweinslr,story,Where are you lweinslr?,2024-01-02 00:07:34
785,tbd,ajanecekls,dlochranls,story,let’s get pizza sometime dlochranls?,2024-02-18 20:52:40
786,tbd,jcufleylt,lferonetlt,message,Nice database lferonetlt?,2024-02-21 18:43:14
787,tbd,kreillylu,bhandscomblu,message,How are you doing bhandscomblu?,2024-02-13 06:21:47
788,tbd,dhibbartlv,jtoylv,story,I would like to get to know you better jtoylv?,2024-01-12 15:17:49
789,tbd,spatientlw,nhellikerlw,message,Where are you nhellikerlw?,2024-01-06 04:43:45
790,tbd,mkarlolaklx,jbinleylx,message,Hi jbinleylx?,2024-01-21 14:28:30
791,tbd,npieterickly,wjagielskily,story,let's meet up sometime wjagielskily?,2024-01-04 23:14:59
792,tbd,gfrankelz,ggoodbylz,story,How are you doing ggoodbylz?,2024-01-16 00:47:58
793,tbd,jpittetm0,sdegoeym0,message,Where are you sdegoeym0?,2024-01-24 07:14:37
794,tbd,apinelm1,kchealm1,story,what's up kchealm1?,2024-02-05 15:33:49
795,tbd,jdownsem2,ihaylem2,message,let's meet up sometime ihaylem2?,2024-02-07 16:52:57
796,tbd,dgentirym3,odabbsm3,message,I don’t want to see you odabbsm3?,2024-01-22 10:16:39
797,tbd,hbizleym4,schipchasem4,message,let’s get pizza sometime schipchasem4?,2024-01-08 23:37:57
798,tbd,smasserm5,cfilderym5,story,how ya doin cfilderym5?,2024-02-03 20:51:41
799,tbd,mbentamem6,sdowningm6,message,Let’s meet up sdowningm6?,2024-01-14 17:07:42
800,tbd,egaishsonm7,fdonaldsonm7,message,I would like to get to know you better fdonaldsonm7?,2024-01-06 13:29:41
801,tbd,ceytelm8,tterransm8,message,Nice database tterransm8?,2024-01-06 13:09:51
802,tbd,msnodingm9,rferronierm9,story,how ya doin rferronierm9?,2024-02-03 04:25:27
803,tbd,bpagelsenma,nczajkowskima,story,Nice database nczajkowskima?,2024-01-15 22:50:05
804,tbd,gspinasmb,ndivisekmb,message,Where are you ndivisekmb?,2024-01-04 02:56:17
805,tbd,jfreegardmc,kconnewmc,story,let's meet up sometime kconnewmc?,2024-02-08 01:46:46
806,tbd,cantczakmd,gwoloschinmd,story,Where are you gwoloschinmd?,2024-01-21 17:48:10
807,tbd,belrickme,gcapnorme,message,let’s get pizza sometime gcapnorme?,2024-01-12 08:48:09
808,tbd,jstrathernmf,risherwoodmf,story,go away risherwoodmf?,2024-02-07 19:08:08
809,tbd,oalbasinymg,btetfordmg,story,I would like to get to know you better btetfordmg?,2024-01-06 09:56:25
810,tbd,bstyantmh,ilebermh,story,let’s get pizza sometime ilebermh?,2024-02-05 15:26:37
811,tbd,mmcterlaghmi,bbuddingtonmi,story,Nice database bbuddingtonmi?,2024-01-03 06:21:50
812,tbd,gedardsmj,yonealmj,message,whatcha up to yonealmj?,2024-02-12 00:05:04
813,tbd,bcamerellomk,rcoghlanmk,message,Hey rcoghlanmk?,2024-01-27 17:39:25
814,tbd,gmcgennml,ffoltinml,message,let’s get pizza sometime ffoltinml?,2024-01-01 07:31:58
815,tbd,mdulingmm,apiechamm,story,Where are you apiechamm?,2024-02-05 19:02:26
816,tbd,jbassettmn,rhulmesmn,story,what's up rhulmesmn?,2024-01-19 15:19:20
817,tbd,acurrommo,ztheobaldmo,message,Where are you ztheobaldmo?,2024-02-26 18:20:12
818,tbd,dganniclifftmp,dreecemp,message,How are you doing dreecemp?,2024-01-12 21:25:43
819,tbd,lsprullsmq,mslocumbmq,message,I would like to get to know you better mslocumbmq?,2024-01-10 14:27:08
820,tbd,ldankersleymr,pskaymanmr,story,come hang w me pskaymanmr?,2024-01-14 12:40:08
821,tbd,amiskimmonms,etourlems,story,Let’s meet up etourlems?,2024-02-03 16:02:02
822,tbd,bpittolimt,ktolertonmt,message,let’s get pizza sometime ktolertonmt?,2024-01-14 06:39:14
823,tbd,fdotterillmu,dbillingsleymu,story,come hang w me dbillingsleymu?,2024-01-04 01:11:58
824,tbd,ggarbettmv,zblackboromv,story,How are you doing zblackboromv?,2024-01-08 13:56:43
825,tbd,apayntonmw,amerrileesmw,message,go away amerrileesmw?,2024-02-10 11:10:16
826,tbd,bclandillonmx,mstuddalmx,message,How are you doing mstuddalmx?,2024-01-08 17:50:37
827,tbd,ghallettmy,kcushellymy,message,Let’s meet up kcushellymy?,2024-02-05 21:57:42
828,tbd,rsegotmz,amcnamaramz,message,go away amcnamaramz?,2024-01-01 21:50:09
829,tbd,rrihan0,rhindgen0,story,let's meet up sometime rhindgen0?,2024-01-19 00:57:22
830,tbd,ksobeyn1,abideweln1,story,How are you abideweln1?,2024-02-21 14:27:56
831,tbd,klaydeln2,tianillin2,message,go away tianillin2?,2024-01-02 06:19:58
832,tbd,jcowlingn3,ogerrensn3,story,let's meet up sometime ogerrensn3?,2024-02-23 02:19:22
833,tbd,fdimelown4,jcuddehyn4,story,what's up jcuddehyn4?,2024-01-21 12:48:07
834,tbd,swillsonn5,dkeaven5,story,let's meet up sometime dkeaven5?,2024-01-07 16:51:46
835,tbd,cliteln6,csparwayn6,story,what's up csparwayn6?,2024-02-11 16:48:44
836,tbd,gmccrackemn7,dmacksteadn7,story,I would like to get to know you better dmacksteadn7?,2024-02-06 21:03:35
837,tbd,ithomtonn8,ngierardin8,message,Hi ngierardin8?,2024-01-29 16:34:54
838,tbd,mmanthorpen9,spigginsn9,message,I would like to get to know you better spigginsn9?,2024-01-27 06:18:11
839,tbd,lshakeladena,amealiffena,message,how about it amealiffena?,2024-01-10 07:55:42
840,tbd,kbowienb,lmakivernb,story,let’s get pizza sometime lmakivernb?,2024-02-11 20:16:19
841,tbd,rcroosenc,aditternc,story,How are you aditternc?,2024-02-26 03:45:59
842,tbd,mcescottind,mdermottnd,message,let's meet up sometime mdermottnd?,2024-02-17 01:39:36
843,tbd,jgrattenne,tarnowiczne,message,how about it tarnowiczne?,2024-01-28 01:35:02
844,tbd,zjiraseknf,halbrookenf,story,Where are you halbrookenf?,2024-01-16 09:40:32
845,tbd,bdorkingng,amorlandng,message,How are you amorlandng?,2024-01-04 17:15:21
846,tbd,wwelberrynh,rlegonnh,message,come hang w me rlegonnh?,2024-01-27 09:01:54
847,tbd,rmoreni,cwillishireni,message,let’s get pizza sometime cwillishireni?,2024-01-10 13:41:03
848,tbd,amccanenj,gdavionnj,message,I would like to get to know you better gdavionnj?,2024-02-14 14:58:37
849,tbd,skilmisternk,kfrogleynk,message,let's meet up sometime kfrogleynk?,2024-01-11 07:02:11
850,tbd,kdumbrecknl,spoolnl,message,Hey spoolnl?,2024-02-24 01:03:10
851,tbd,korgeenm,mkehrinm,story,go away mkehrinm?,2024-02-07 08:18:06
852,tbd,jbuyenn,nmoncasternn,message,Hi nmoncasternn?,2024-02-02 20:15:51
853,tbd,dcreavinno,neddollsno,story,whatcha up to neddollsno?,2024-01-04 14:04:09
854,tbd,rheckneynp,jwilshirenp,story,I don’t want to see you jwilshirenp?,2024-02-04 19:56:05
855,tbd,dirdalenq,rgreatorexnq,message,Where are you rgreatorexnq?,2024-02-08 22:42:04
856,tbd,rtynenr,obroschkenr,message,how ya doin obroschkenr?,2024-01-22 01:30:17
857,tbd,fpresmanns,dwhathamns,story,Let’s meet up dwhathamns?,2024-02-19 20:29:30
858,tbd,gdowningnt,tcottomnt,story,How are you doing tcottomnt?,2024-02-19 03:03:37
859,tbd,cpatinkinnu,kfortynu,message,sup kfortynu?,2024-01-28 12:52:30
860,tbd,mcamerellonv,ppozernv,message,sup ppozernv?,2024-01-30 23:04:56
861,tbd,arochewellnw,qvanichkovnw,story,how ya doin qvanichkovnw?,2024-01-15 22:00:54
862,tbd,lnelthropnx,cmannienx,story,how ya doin cmannienx?,2024-01-05 01:28:56
863,tbd,qeastbrookny,mpaulitschkeny,story,Hi mpaulitschkeny?,2024-01-29 02:29:39
864,tbd,ttapsellnz,ihildrednz,message,Hey ihildrednz?,2024-02-24 22:38:14
865,tbd,dofarrello0,dsigmundo0,message,whatcha up to dsigmundo0?,2024-02-15 00:10:30
866,tbd,ddequinceyo1,ccaslakeo1,story,what's up ccaslakeo1?,2024-02-02 20:16:31
867,tbd,adanieloto2,gwindruso2,message,Where are you gwindruso2?,2024-02-11 05:53:51
868,tbd,rupexo3,edunkleyo3,story,let’s get pizza sometime edunkleyo3?,2024-01-28 22:56:24
869,tbd,dknighto4,jbratchero4,message,let's meet up sometime jbratchero4?,2024-01-16 15:12:09
870,tbd,acheavino5,ngoalbyo5,story,I don’t want to see you ngoalbyo5?,2024-02-13 13:35:53
871,tbd,lkestiano6,kvamplerso6,story,Where are you kvamplerso6?,2024-01-29 02:33:37
872,tbd,gfurnisso7,mspeddino7,story,Hi mspeddino7?,2024-02-15 04:45:40
873,tbd,oprantlo8,swillarso8,story,how ya doin swillarso8?,2024-02-25 05:47:19
874,tbd,mdellcasao9,vguddo9,message,I would like to get to know you better vguddo9?,2024-01-09 17:48:24
875,tbd,ethongeroa,pbendsonoa,story,I would like to get to know you better pbendsonoa?,2024-01-05 18:43:56
876,tbd,bdundonob,kblackburnob,story,How are you doing kblackburnob?,2024-02-19 16:43:34
877,tbd,ktibbettsoc,ogrimsdikeoc,story,I don’t want to see you ogrimsdikeoc?,2024-01-18 15:13:23
878,tbd,mantrumod,nwestmerlandod,story,I would like to get to know you better nwestmerlandod?,2024-02-24 18:16:50
879,tbd,vcourtliffoe,akuhnkeoe,story,Let’s meet up akuhnkeoe?,2024-01-17 02:58:49
880,tbd,mparksof,rbiasiniof,story,come hang w me rbiasiniof?,2024-01-17 13:09:07
881,tbd,rkeelanog,ftomasiog,story,go away ftomasiog?,2024-02-12 17:36:03
882,tbd,gmillandoh,spywelloh,message,let's meet up sometime spywelloh?,2024-01-10 23:32:46
883,tbd,groisoi,rplumsteadoi,message,let’s get pizza sometime rplumsteadoi?,2024-01-06 12:36:04
884,tbd,lshelmerdineoj,cboolsenoj,story,Nice database cboolsenoj?,2024-01-25 10:56:48
885,tbd,cwilberok,atullok,story,let's meet up sometime atullok?,2024-01-18 17:55:33
886,tbd,dfairhamol,bnottleol,message,I would like to get to know you better bnottleol?,2024-01-16 05:58:10
887,tbd,dbaseyom,cbombom,story,how ya doin cbombom?,2024-02-10 14:23:01
888,tbd,lclisson,nmcreynoldon,message,Let’s meet up nmcreynoldon?,2024-01-19 03:27:26
889,tbd,bnorcliffeoo,ulitchmoreoo,story,let’s get pizza sometime ulitchmoreoo?,2024-02-21 19:45:01
890,tbd,tdiclaudioop,ggauchop,message,Hey ggauchop?,2024-01-01 11:34:40
891,tbd,hwaszczykoq,jmickaoq,message,how ya doin jmickaoq?,2024-02-27 23:25:55
892,tbd,mcordelor,odosdaleor,message,Where are you odosdaleor?,2024-01-08 12:46:55
893,tbd,bmcgennos,apurseyos,story,Nice database apurseyos?,2024-02-08 14:07:18
894,tbd,sleamonot,gavesqueot,message,go away gavesqueot?,2024-01-06 03:18:03
895,tbd,scarrollou,gdowneyou,story,Hi gdowneyou?,2024-01-29 07:21:13
896,tbd,aklaaassenov,acutmoreov,message,How are you acutmoreov?,2024-02-23 02:10:42
897,tbd,kfirbanksow,kfanthomeow,story,I would like to get to know you better kfanthomeow?,2024-01-22 14:04:50
898,tbd,estainlandox,bdearox,story,let's meet up sometime bdearox?,2024-02-16 16:57:33
899,tbd,lkibbeyoy,egulleyoy,story,how ya doin egulleyoy?,2024-02-21 10:49:18
900,tbd,jworksoz,eeslemontoz,story,How are you doing eeslemontoz?,2024-02-26 18:30:28
901,tbd,rcatterillp0,maksellp0,story,go away maksellp0?,2024-02-11 10:59:29
902,tbd,mbashfordp1,btynewellp1,message,How are you doing btynewellp1?,2024-01-11 09:13:18
903,tbd,kkainp2,bchampkinsp2,story,what's up bchampkinsp2?,2024-01-29 20:02:47
904,tbd,ccordelettep3,nnewlanp3,message,what's up nnewlanp3?,2024-02-07 09:03:12
905,tbd,mmarnanep4,sklosserp4,message,let's meet up sometime sklosserp4?,2024-01-11 04:14:53
906,tbd,ajedrzejczakp5,shedaup5,message,let’s get pizza sometime shedaup5?,2024-01-23 09:55:44
907,tbd,emaletrattp6,lsparkwellp6,story,Let’s meet up lsparkwellp6?,2024-02-18 04:08:47
908,tbd,nriggp7,koakshottp7,story,go away koakshottp7?,2024-02-18 02:22:56
909,tbd,kkalischp8,swarrellp8,story,Let’s meet up swarrellp8?,2024-02-02 14:59:22
910,tbd,dwigmorep9,cbooyp9,message,Nice database cbooyp9?,2024-02-15 02:21:18
911,tbd,hadshedpa,lfawdrypa,message,Hi lfawdrypa?,2024-01-31 16:39:15
912,tbd,aglandpb,bellereypb,story,what's up bellereypb?,2024-02-08 13:16:32
913,tbd,mricoaldpc,odypc,message,Where are you odypc?,2024-02-17 20:47:25
914,tbd,ycraigheadpd,byannikovpd,message,I don’t want to see you byannikovpd?,2024-01-18 08:25:20
915,tbd,pkayleype,amaffionipe,story,sup amaffionipe?,2024-01-13 06:24:46
916,tbd,cephsonpf,lpilleypf,message,Let’s meet up lpilleypf?,2024-02-14 03:16:26
917,tbd,cwillimontpg,tlynthalpg,story,How are you doing tlynthalpg?,2024-01-10 02:01:06
918,tbd,vreeseph,skevernph,story,I don’t want to see you skevernph?,2024-02-19 14:53:46
919,tbd,lkrebspi,canthonypi,story,sup canthonypi?,2024-02-09 05:26:21
920,tbd,wbehneckepj,jskeelpj,story,how ya doin jskeelpj?,2024-01-17 04:26:47
921,tbd,omcgallpk,trobionpk,story,let’s get pizza sometime trobionpk?,2024-02-25 14:36:42
922,tbd,aspackmanpl,mrussellpl,message,How are you mrussellpl?,2024-01-27 13:56:58
923,tbd,qemminspm,adillewaypm,message,I don’t want to see you adillewaypm?,2024-02-01 05:33:58
924,tbd,lboggishpn,icallabypn,message,whatcha up to icallabypn?,2024-01-22 23:03:17
925,tbd,develeighpo,jpreslandpo,message,I don’t want to see you jpreslandpo?,2024-01-11 10:07:08
926,tbd,pnuttallpp,dcoilspp,story,Hi dcoilspp?,2024-01-10 06:36:54
927,tbd,mdwightpq,rhabletpq,story,Nice database rhabletpq?,2024-02-27 04:39:46
928,tbd,gduffriepr,tbraccipr,message,Hey tbraccipr?,2024-01-10 08:19:30
929,tbd,lclaremontps,wmcilwreathps,message,How are you wmcilwreathps?,2024-02-04 18:36:41
930,tbd,jstellinopt,ogeroldopt,message,Hi ogeroldopt?,2024-01-12 12:08:41
931,tbd,mmccarterpu,dpappspu,message,I don’t want to see you dpappspu?,2024-01-24 23:38:27
932,tbd,rpaolozzipv,pfliegpv,message,Nice database pfliegpv?,2024-01-05 02:14:03
933,tbd,aricartpw,czupopw,message,go away czupopw?,2024-01-11 10:37:34
934,tbd,fleworthypx,agooldpx,message,how about it agooldpx?,2024-02-25 05:24:29
935,tbd,tfoldpy,tbennenpy,story,what's up tbennenpy?,2024-01-22 05:55:50
936,tbd,aproffittpz,tlinekerpz,message,Where are you tlinekerpz?,2024-01-03 04:32:33
937,tbd,jtrippittq0,dcoppenq0,story,go away dcoppenq0?,2024-02-04 05:48:38
938,tbd,tgasconeq1,blinnittq1,message,How are you blinnittq1?,2024-01-31 05:10:51
939,tbd,khaythornthwaiteq2,hhukinsq2,story,Let’s meet up hhukinsq2?,2024-02-22 03:38:07
940,tbd,lcampanelliq3,lbochq3,story,I don’t want to see you lbochq3?,2024-01-29 13:26:12
941,tbd,jdolemanq4,acucuzzaq4,message,how ya doin acucuzzaq4?,2024-02-27 19:11:08
942,tbd,cmazdonq5,pmundellq5,message,Hey pmundellq5?,2024-02-26 13:58:35
943,tbd,piffeq6,cjimesq6,message,whatcha up to cjimesq6?,2024-02-20 17:27:18
944,tbd,ttonnaq7,eblackbroughq7,message,Nice database eblackbroughq7?,2024-02-20 10:28:47
945,tbd,gcorstorphineq8,dcollcuttq8,story,how ya doin dcollcuttq8?,2024-01-03 02:51:01
946,tbd,redneyq9,tgrasserq9,message,I would like to get to know you better tgrasserq9?,2024-02-06 21:42:34
947,tbd,cdilonqa,hpelcheurqa,message,what's up hpelcheurqa?,2024-01-26 12:25:46
948,tbd,lhowkinsqb,xambrogiqb,message,whatcha up to xambrogiqb?,2024-01-18 12:47:58
949,tbd,salbenqc,asimonazziqc,message,let’s get pizza sometime asimonazziqc?,2024-01-02 13:57:58
950,tbd,hdailyqd,wcasinaqd,story,Hi wcasinaqd?,2024-01-31 11:39:57
951,tbd,akrzysztofiakqe,wbozierqe,message,Nice database wbozierqe?,2024-02-07 05:44:25
952,tbd,fboultqf,awickenqf,message,sup awickenqf?,2024-02-27 09:11:20
953,tbd,nbamberqg,rwinspurrqg,story,I don’t want to see you rwinspurrqg?,2024-02-18 23:42:23
954,tbd,apamphilonqh,cgaugeqh,message,Where are you cgaugeqh?,2024-02-14 10:54:24
955,tbd,ddomninqi,sboichatqi,story,come hang w me sboichatqi?,2024-02-14 13:27:13
956,tbd,mwardenqj,lboameqj,story,Let’s meet up lboameqj?,2024-02-01 02:46:00
957,tbd,vsuggateqk,dfalcoqk,story,how ya doin dfalcoqk?,2024-02-06 06:41:08
958,tbd,gabaziql,rhustonql,message,sup rhustonql?,2024-01-26 09:21:58
959,tbd,dspratlingqm,cbootlandqm,story,whatcha up to cbootlandqm?,2024-02-27 14:37:24
960,tbd,mketteridgeqn,jsennettqn,message,Hi jsennettqn?,2024-01-15 02:32:22
961,tbd,cmcinnernyqo,drouchqo,story,how ya doin drouchqo?,2024-01-02 12:47:18
962,tbd,taersqp,dfoggartyqp,story,Let’s meet up dfoggartyqp?,2024-01-10 16:13:41
963,tbd,cshemeltqq,tmcfaulqq,story,Hi tmcfaulqq?,2024-02-12 11:53:43
964,tbd,ksmeatonqr,cjancqr,story,what's up cjancqr?,2024-02-16 21:59:00
965,tbd,fvanderbekenqs,rmarcusqs,story,how about it rmarcusqs?,2024-02-19 10:15:08
966,tbd,cculletonqt,bsimonnotqt,story,sup bsimonnotqt?,2024-02-03 20:00:34
967,tbd,ighidiniqu,okennewellqu,message,I don’t want to see you okennewellqu?,2024-02-08 06:25:26
968,tbd,fsansumqv,klaileyqv,story,sup klaileyqv?,2024-02-08 06:56:48
969,tbd,dackensonqw,ooheneryqw,message,let's meet up sometime ooheneryqw?,2024-02-12 22:33:29
970,tbd,ddayceqx,hplutheroqx,message,Let’s meet up hplutheroqx?,2024-02-26 12:35:34
971,tbd,vbulcockqy,cwinridgeqy,story,let’s get pizza sometime cwinridgeqy?,2024-02-26 06:47:17
972,tbd,gtaleworthqz,ctawtonqz,story,How are you ctawtonqz?,2024-02-20 19:31:29
973,tbd,hgendricker0,hmattedir0,message,come hang w me hmattedir0?,2024-01-19 12:18:26
974,tbd,rjablonskir1,fscougalr1,message,How are you doing fscougalr1?,2024-01-24 05:46:50
975,tbd,hsmalesr2,hworpoler2,story,Hey hworpoler2?,2024-02-25 09:19:35
976,tbd,hromainesr3,wbruntr3,story,Let’s meet up wbruntr3?,2024-01-25 10:03:01
977,tbd,bkissr4,nbridgwaterr4,story,go away nbridgwaterr4?,2024-01-08 17:07:36
978,tbd,rgoultr5,alamsheadr5,message,Hey alamsheadr5?,2024-01-29 05:16:32
979,tbd,naberkirdor6,cguirardinr6,story,I would like to get to know you better cguirardinr6?,2024-01-12 08:10:55
980,tbd,sskeener7,aackensonr7,story,Hi aackensonr7?,2024-01-28 20:31:05
981,tbd,cdowbakinr8,dhachardr8,message,how about it dhachardr8?,2024-01-13 14:07:32
982,tbd,gschollickr9,mcronkr9,story,come hang w me mcronkr9?,2024-02-27 15:08:21
983,tbd,psteedenra,oyaakovra,story,let's meet up sometime oyaakovra?,2024-02-26 06:27:47
984,tbd,ocurzeyrb,omacknockiterrb,message,how about it omacknockiterrb?,2024-01-12 10:34:10
985,tbd,cbramblerc,srichierc,story,go away srichierc?,2024-01-06 04:28:09
986,tbd,tbamboroughrd,kmauricerd,message,come hang w me kmauricerd?,2024-01-09 23:25:42
987,tbd,ccocherre,cwassungre,story,I don’t want to see you cwassungre?,2024-01-18 04:24:50
988,tbd,atreadgallrf,mwalkerrf,message,what's up mwalkerrf?,2024-01-29 04:03:45
989,tbd,rstormontrg,bleirmonthrg,message,I would like to get to know you better bleirmonthrg?,2024-01-21 22:42:13
990,tbd,chealksrh,awhileyrh,story,let’s get pizza sometime awhileyrh?,2024-02-07 17:21:55
991,tbd,djolleyri,istraffordri,story,Nice database istraffordri?,2024-02-14 14:15:53
992,tbd,wbeavingtonrj,rbraderrj,message,I don’t want to see you rbraderrj?,2024-01-05 00:02:03
993,tbd,mdekeeprk,hsawterrk,message,Hey hsawterrk?,2024-01-13 20:50:20
994,tbd,hstaplefordrl,sstarkierl,message,I don’t want to see you sstarkierl?,2024-01-26 06:07:36
995,tbd,hhemblingrm,hrubegarm,story,sup hrubegarm?,2024-01-18 16:55:59
996,tbd,rlynockrn,ccottisfordrn,message,Hi ccottisfordrn?,2024-02-25 15:22:04
997,tbd,writtmeierro,ihucquartro,message,how about it ihucquartro?,2024-01-22 16:27:40
998,tbd,mmcgreyrp,mdumbrillrp,message,I don’t want to see you mdumbrillrp?,2024-01-07 02:42:19
999,tbd,iwhybornerq,jraimanrq,story,come hang w me jraimanrq?,2024-01-18 12:32:19
1000,tbd,skintonrr,kvitteryrr,story,what's up kvitteryrr?,2024-02-17 13:16:54
