mhansard0@joomla.org,iqZp8D
jbeert1@quantcast.com,grBw7f
lduckers2@vistaprint.com,kwXu8J
sfigge3@soup.io,itSl6p
rtidbold4@is.gd,rkMb65
rhaggart5@biblegateway.com,pdLb1y
jmaccawley6@slideshare.net,poRr00
emewha7@senate.gov,ysFy3s
dtankard8@hibu.com,nuOq2x
gletterick9@adobe.com,gtEf9E
avasilieva@squarespace.com,cyUj41
tstiantb@csmonitor.com,cdTi8a
hkelleyc@amazonaws.com,xuHd9U
fandrickd@jalbum.net,bxQh48
sbonteine@whitehouse.gov,eoXq6b
ningilsonf@statcounter.com,lrJc9c
cmacmeartyg@tripod.com,fuOw1J
lkrzyzowskih@wisc.edu,ioUr8X
gcurrumi@studiopress.com,yiFz7A
jdendonj@mac.com,ogYa4p
ebrixeyk@youtube.com,ylWq7X
wcordobesl@goodreads.com,pxHz0T
rridolfim@miibeian.gov.cn,emJg4A
pmattussevichn@buzzfeed.com,fdZk91
rclinkardo@about.me,vfPz0T
bbrayleyp@tmall.com,reAb7D
dlowryq@cpanel.net,bfIw1Z
sdorrancer@telegraph.co.uk,xuMa7S
swillshaws@com.com,kzWl0T
jfettiplacet@loc.gov,etOy7z
ccummingu@patch.com,vyAm7v
adesportv@dmoz.org,hcGh4M
ghakewellw@tinyurl.com,irGl79
amapholmx@discovery.com,rdCr8F
rkewy@amazonaws.com,fvQr0R
dbabbz@is.gd,aoUm6f
swinram10@nydailynews.com,opCp9U
jfawcitt11@imageshack.us,zcIu6j
mheersma12@constantcontact.com,jrHp4Y
dgoldfinch13@artisteer.com,ggGr9p
dnaris14@telegraph.co.uk,ueCm0c
tsketh15@addtoany.com,kvBl2V
dwixey16@i2i.jp,hrLd9T
dhayth17@51.la,clUc6M
kjosephi18@hhs.gov,uhMp5y
cpavis19@state.tx.us,rzEe0m
swane1a@google.com.hk,ofPe3G
dstoneley1b@psu.edu,keEn03
cthunderman1c@cloudflare.com,ifFq2w
acreeghan1d@vinaora.com,slUx5O
lreville1e@businessweek.com,shYx8J
cpiburn1f@github.io,zmZw5S
cfosken1g@shinystat.com,kjUy44
fdytham1h@sakura.ne.jp,uzNs5K
skarmel1i@state.gov,tgIi7f
bawde1j@businesswire.com,hxFg4z
rflieger1k@clickbank.net,osIn2w
dharewood1l@boston.com,epOu0c
bmart1m@skyrock.com,sqPh25
cortler1n@ihg.com,lwOn1j
bmcmichell1o@jugem.jp,usUz8a
sdigiacomettino1p@kickstarter.com,tvJi8X
bpayfoot1q@naver.com,wgNa0b
sslatten1r@yahoo.com,tcDj4I
owythill1s@seattletimes.com,wsCr0V
bplayhill1t@census.gov,esMz2E
jpaffot1u@columbia.edu,rsWf5Y
mbriant1v@economist.com,hjZw5L
iucceli1w@macromedia.com,qiYi1N
dbreit1x@addtoany.com,ucOc1a
dberceros1y@mac.com,yuAz5z
scrichton1z@goodreads.com,rtTh02
dchapelhow20@cnbc.com,upAo1V
dharrow21@cbslocal.com,miNg6e
pbartelsellis22@tripadvisor.com,lwEp3f
lmcculloch23@uol.com.br,heJt2W
nlodewick24@addtoany.com,ccRr9n
jbygrove25@usa.gov,iaCl8j
gtwitchett26@blog.com,xaRk92
kthomelin27@icq.com,lcKz6A
fjoblin28@ucsd.edu,ucIq11
vgurr29@chronoengine.com,ilIu6S
cmartindale2a@sun.com,wyRm09
amacnockater2b@ft.com,fmCn2N
lcassimer2c@columbia.edu,wqOm2W
cdevericks2d@nbcnews.com,cqDy9a
pmcquirter2e@ca.gov,ivDw7r
jizachik2f@discuz.net,tiVn4P
hroden2g@elpais.com,gnBj7c
ptootal2h@google.nl,upCl3Y
vosesnane2i@friendfeed.com,cuXo3p
mdeem2j@scientificamerican.com,wtZx2e
aboden2k@ibm.com,hlJp4t
rbomfield2l@seattletimes.com,xxDe8b
bsprague2m@reddit.com,ipYr5N
ocaulder2n@ft.com,ioAq0y
sbaniard2o@chronoengine.com,toSc1t
vdaffern2p@ibm.com,yfFr4Q
rbakhrushin2q@flavors.me,ywJx2l
hburgill2r@networksolutions.com,otEu8u
bhartness2s@homestead.com,dmNk42
shavercroft2t@hubpages.com,myEn3q
mtassaker2u@cbsnews.com,guDe0x
tdirocca2v@mozilla.org,soVx3y
dfomichkin2w@wikipedia.org,fmBo4v
ierskine2x@dell.com,mdQf6K
dbrabben2y@globo.com,gvMj68
vutridge2z@posterous.com,biMd35
lelders30@csmonitor.com,ssAp9f
kclemmow31@hud.gov,bzTk1B
mmellon32@liveinternet.ru,jeHf32
dsivyour33@sohu.com,onDx6Q
mmorad34@drupal.org,njYc5T
gpiscot35@myspace.com,vhZc7y
sgeleman36@facebook.com,wlKm8L
cgander37@joomla.org,xlVu7T
rscottesmoor38@blogger.com,cxYj8w
sbattelle39@guardian.co.uk,fnAm5Z
dfilippazzo3a@ifeng.com,zsHy1I
rcolquhoun3b@time.com,xjNu5T
tfrift3c@etsy.com,xhHx3L
vbuckthorpe3d@goo.gl,caVx58
pmackett3e@bbb.org,jmGx0d
efallowfield3f@twitpic.com,lqFy8I
hshapera3g@ifeng.com,krEe33
apenson3h@dedecms.com,oiPe0j
sdulen3i@odnoklassniki.ru,ctMq6q
lpeachment3j@sitemeter.com,meWe41
folorenshaw3k@bluehost.com,anLi9S
blebrum3l@google.com,loCi82
gsnaddin3m@cyberchimps.com,zlNn5i
pvallantine3n@stanford.edu,atHm45
ewestgate3o@technorati.com,egQi7T
lbalma3p@comcast.net,tkCk0c
svenneur3q@rediff.com,enMl9T
mcrilly3r@ucsd.edu,fmSy1v
mioselevich3s@w3.org,asCd15
anickell3t@hibu.com,rkXm6D
clisciandri3u@elpais.com,hiQg3g
wboyd3v@clickbank.net,nbAw7B
bwaything3w@ca.gov,itAm4y
celsby3x@usa.gov,voSb2c
dhelm3y@mit.edu,kqZi6m
inorcop3z@about.me,lcCq0T
gingall40@google.nl,owVh7V
dsilberschatz41@multiply.com,zvOa1N
kdaldan42@seattletimes.com,wzRv7D
mpyott43@plala.or.jp,vsVz4a
rkrysztowczyk44@1688.com,zwQl6R
gchasmar45@cargocollective.com,chIo45
yallsobrook46@cloudflare.com,fnPr3q
ccrowhurst47@4shared.com,emHf5G
arushforth48@amazon.co.jp,yzTb3k
mchard49@blogtalkradio.com,eyNz0N
fshillington4a@imageshack.us,qfTl6K
dneicho4b@wp.com,vmIr0P
kzannuto4c@jiathis.com,oaQq8e
rjuschke4d@xinhuanet.com,ebOo4U
alyptratt4e@sohu.com,qfGz8t
atregust4f@xinhuanet.com,suQt9H
mreek4g@smh.com.au,feYt1s
jpouton4h@bloglines.com,ffYe6f
dfeben4i@upenn.edu,zlBv4J
gmacconnechie4j@yandex.ru,zwGt5P
rrump4k@deviantart.com,jkVw8c
shradsky4l@geocities.com,ffDu2Y
mmcgowran4m@multiply.com,igEz0y
slathan4n@eepurl.com,foSa1e
cmurfett4o@moonfruit.com,tpVy4M
edaveridge4p@51.la,sfIx7E
dquincee4q@yale.edu,ojTz66
ftest4r@ning.com,nzVe1n
dcalvert4s@usnews.com,tzRl0F
ckimbrough4t@ifeng.com,mbHn7R
crummer4u@oakley.com,lsVt3E
mfellis4v@xinhuanet.com,gtWh9M
rburtenshaw4w@ox.ac.uk,kdFe6f
lparsall4x@cmu.edu,ndGz42
bstollsteimer4y@nydailynews.com,eqWx1e
kricht4z@joomla.org,liDj3f
bmilne50@sciencedaily.com,ocJn3w
pwozencraft51@elpais.com,keFd6F
eingerman52@blogger.com,mhKw4M
ttremontana53@nih.gov,giZl5K
kbrisson54@behance.net,kxPc3N
sgrisewood55@ibm.com,uuNe1B
hthorneloe56@geocities.com,puVa5C
ecusworth57@whitehouse.gov,jeQq6F
bcorns58@blinklist.com,mzQw45
nblakeman59@mail.ru,xlQd0s
slansley5a@berkeley.edu,erDt6I
kaucock5b@umn.edu,vtZa7x
wbedson5c@nih.gov,vuZq7a
mobruen5d@github.io,ecNu30
nvasilenko5e@typepad.com,phZd8U
kdecker5f@domainmarket.com,mkHr8a
mdagon5g@nydailynews.com,fnFr0M
ghagard5h@wsj.com,wtTd84
rfrye5i@ft.com,thGr8V
bfilippozzi5j@springer.com,hkEk7y
sjancar5k@google.co.uk,avQl6B
dmedcraft5l@uol.com.br,kwOf38
hburleigh5m@cdc.gov,lqGq8h
bkollatsch5n@goodreads.com,ywOg8j
zjouhning5o@goodreads.com,obDs48
ujohnsey5p@ca.gov,orNh5q
atowl5q@unicef.org,cvPu87
azmitrovich5r@exblog.jp,xuBr93
kansett5s@spiegel.de,oxAi14
kdisbury5t@amazon.co.uk,tdCx1J
iarbuckle5u@mozilla.com,qwHd0e
lkryszka5v@biglobe.ne.jp,ekBx4x
cpaviour5w@blog.com,rhKn4R
mcuthbert5x@google.com.hk,bzVn7O
fkleine5y@soundcloud.com,piKy1E
gantat5z@lulu.com,sdNb8t
jcarff60@unesco.org,isAb4y
dsessuns61@theguardian.com,ibPz5D
mparkhouse62@patch.com,voEo5e
lchiddy63@ed.gov,aqXc7T
dthornborrow64@nbcnews.com,ouEv6z
cvivash65@elegantthemes.com,bxHt4y
clevermore66@squarespace.com,zfNf3S
gfridd67@pbs.org,gvBf4G
wfitzpatrick68@forbes.com,zxXs8Y
mkoomar69@opera.com,stXj8K
tduigan6a@dmoz.org,uzEr6K
rirnys6b@imdb.com,xxFd0i
wfanton6c@slate.com,gvDa7g
hcoan6d@netscape.com,peWi9p
asurmeyers6e@bloglovin.com,tqOq4S
ibarringer6f@lulu.com,caId3g
lgornall6g@squidoo.com,fnQy36
ajacomb6h@addthis.com,dwIr93
kpaulazzi6i@goodreads.com,vtVq6w
wwadham6j@examiner.com,qlRv3E
afreeman6k@xinhuanet.com,alKn3G
vyerson6l@aol.com,okYd2W
ospaunton6m@spotify.com,pyJo64
skneal6n@imdb.com,owJz77
dwevell6o@taobao.com,zmVf96
fbuye6p@google.ca,sgQx2M
fvandevelde6q@state.gov,lvVm2e
hsellers6r@shop-pro.jp,fqBj7p
adowding6s@weebly.com,bkKm5N
measterbrook6t@un.org,ooXq4o
ycoltherd6u@latimes.com,lhUt0r
cduffus6v@arstechnica.com,wcBf9K
sgruszecki6w@about.com,tlRc5C
bwatters6x@chron.com,ohOk7x
sanglim6y@phpbb.com,znAk5B
sriepel6z@free.fr,djOb7D
cbeckensall70@dell.com,ryHc1b
hsmithen71@phpbb.com,qhXx05
jwandrey72@yandex.ru,ziKu36
mbearne73@quantcast.com,jrEm1I
rmacsween74@youku.com,hjXt1a
gjinda75@hexun.com,nbIl3Y
rtoppin76@usgs.gov,siIn1g
crowcliffe77@columbia.edu,zeZb9N
fmacgarvey78@salon.com,bjKy9N
cdymond79@webs.com,vsYn2i
nbagge7a@altervista.org,jsCb7R
nkarel7b@shutterfly.com,spFe8O
rchina7c@dell.com,bvYt8W
blakeland7d@mysql.com,gzPx90
sblaine7e@salon.com,tjBb8u
vcullinan7f@netlog.com,dqWs19
fmcanalley7g@ucoz.com,hjXd9W
dlever7h@issuu.com,mgYo4I
sstrivens7i@studiopress.com,mgVg3g
jolfert7j@t.co,cjDl4K
dlibermore7k@cmu.edu,yjXr2I
mshiril7l@dropbox.com,vvYg3A
abrodbin7m@amazon.de,ffZp5C
msummerside7n@vk.com,nzVs9N
ipobjoy7o@sbwire.com,zpXp5S
tbednell7p@jalbum.net,iyEu0t
nchecketts7q@mail.ru,inOv7A
kbuffin7r@sciencedaily.com,qbIm89
wbowsher7s@globo.com,rmBz4Q
eminget7t@senate.gov,yxIl3E
mmilch7u@icio.us,idHw9K
ldruitt7v@merriam-webster.com,ghMn4R
rjannings7w@nifty.com,dxFo71
ebarrowclough7x@bbb.org,elJt9l
jstobbart7y@abc.net.au,ynFk4A
afoynes7z@clickbank.net,eeAz1P
zbohling80@360.cn,noFv6J
gvarney81@behance.net,sgBg1m
rtomik82@symantec.com,kjEm1i
eyeliashev83@shop-pro.jp,okNd8z
lockenden84@dropbox.com,fdNa5Q
gmiddiff85@chron.com,yjDn2w
toscanlan86@bloglines.com,iqEx6j
ccalafato87@cocolog-nifty.com,qsHp2U
glamey88@msu.edu,cvYa2E
loldknow89@hud.gov,acVu9f
htosspell8a@state.tx.us,lrVm2y
dwernher8b@fc2.com,yjFr8o
odarkins8c@altervista.org,izDz34
lbrodley8d@senate.gov,sjJq5E
shattiff8e@nifty.com,jvGn5F
kgirardengo8f@ustream.tv,gjCe6C
jlawly8g@alibaba.com,htJm2o
edoucette8h@theatlantic.com,dpLu9D
ktyce8i@umich.edu,gyAr3O
mrollason8j@bizjournals.com,uuDa4K
lbarhams8k@linkedin.com,imVu7R
idurtnal8l@about.com,peUz0m
smaccleay8m@biglobe.ne.jp,axHx2i
omickelwright8n@squidoo.com,ilYc4p
kfriar8o@nydailynews.com,mnBw1T
bbuttler8p@simplemachines.org,wmRc7h
obelly8q@feedburner.com,elHh9h
gcarden8r@utexas.edu,wmDy1k
mbinnion8s@bloglovin.com,rgCu9V
ebulle8t@mlb.com,jtJy4A
kdowall8u@github.io,okIa04
sdubose8v@pagesperso-orange.fr,vnWn1E
cpittock8w@imgur.com,njDj5y
pwaterhouse8x@whitehouse.gov,xiPf2f
tbrunning8y@webnode.com,ecFn7V
gstrother8z@typepad.com,yrTj1D
broocroft90@xrea.com,khJc2l
bspikings91@irs.gov,bmZr9F
kdowding92@blogspot.com,ccWz8G
mdeverille93@yandex.ru,dlZs2c
vbolte94@comsenz.com,cfHr1o
jrait95@apache.org,ekDp25
jdellabbate96@yahoo.com,pkNp3p
stremblot97@google.ru,wzWh4l
ayarnell98@dot.gov,wfNy0C
ehartford99@mysql.com,csAo47
tupfold9a@deviantart.com,kjQo9a
dellerton9b@php.net,rvWo7z
ekolodziejski9c@xrea.com,lhEc3r
molliffe9d@hp.com,ulSu9P
tkildahl9e@earthlink.net,pjQa8W
fdurie9f@slashdot.org,ptLe37
croughan9g@wsj.com,kjDw5B
jbifield9h@feedburner.com,bvQw5h
lfullun9i@youtu.be,eiNz1W
wwilse9j@mit.edu,ipRi2M
rruxton9k@utexas.edu,wsLr0m
fwoodley9l@patch.com,rkOy3T
sruffey9m@friendfeed.com,glGo2Y
bwanden9n@yellowbook.com,cnLx3u
ostoffels9o@java.com,rjKe2t
adanev9p@ed.gov,nnBd9M
scamerello9q@facebook.com,jeRv9r
wbapty9r@over-blog.com,moRl1m
mminchenton9s@oakley.com,fiDb8z
tsandbrook9t@cloudflare.com,lhWt1f
cconningham9u@pcworld.com,onCn0q
dflescher9v@devhub.com,xnKj3E
kasche9w@studiopress.com,diSv4L
joldman9x@google.cn,xaUj6g
jshinton9y@cocolog-nifty.com,gsRm0l
dbiskupski9z@elpais.com,otDi4H
agoodounea0@time.com,wsHb5r
ypeschkea1@mail.ru,gmAn2p
cclema2@marriott.com,jtLv7F
qlymbournea3@state.gov,rtZt3m
dsoanea4@squidoo.com,tySf8v
swilloughbya5@goo.gl,lkAs7q
rameya6@army.mil,gxDv33
hhalwarda7@shinystat.com,taTf0T
csnozzwella8@infoseek.co.jp,bqMa8c
jchalfanta9@admin.ch,wxMa7W
dsilverwoodaa@i2i.jp,dtTo4I
dbalogunab@ibm.com,stXo7q
paxbyac@zdnet.com,pxWu4h
lwattingad@cisco.com,uaCq7t
dmearsae@youtu.be,xrOl6k
glenzaf@deliciousdays.com,ghUp8L
hdolleag@live.com,huSe4t
dlintallah@nih.gov,wuBe5W
slaurentai@census.gov,jzBb4g
cspareyaj@yandex.ru,kjVt8n
bpadillaak@telegraph.co.uk,apYy2F
dglazieral@nba.com,qsCg0b
gmacginneyam@qq.com,poVb5e
agillhaman@cmu.edu,nuJq91
rcatonao@google.it,scVi6T
wgotap@adobe.com,ohXu7V
arudgleyaq@booking.com,eqTx3v
pgarfitar@nih.gov,ebJt3F
clouedeyas@typepad.com,geGi4v
cdimatteoat@chicagotribune.com,ywMc9w
dpantinau@paginegialle.it,buHs8J
ffluitav@google.ca,obPg1w
wfitzsimmonsaw@epa.gov,lpAd8f
mcheakax@skype.com,uqPv92
ltuisonay@paypal.com,eaSp8N
cwestmacottaz@godaddy.com,xcCy5U
imiddisb0@virginia.edu,ybHm7e
sclausewitzb1@digg.com,tkSs0a
hdomekb2@reverbnation.com,pvIo7F
wemanuelb3@altervista.org,wpTh9Z
kbladesmithb4@umich.edu,ecCs4C
mferruccib5@gravatar.com,mrXk9S
csabenb6@jimdo.com,hvTh2u
bdcostab7@ifeng.com,vrRj01
hgynnib8@msu.edu,gjSq0W
eblucherb9@nasa.gov,knRh0m
dwickenba@scientificamerican.com,anRq9v
mtilliardsbb@taobao.com,ibIm1C
nyushkovbc@engadget.com,ezJs3Z
bdunbobinbd@ibm.com,krSx1U
dkmicickibe@tmall.com,seGk0D
rjentgensbf@alexa.com,raHc4N
gmatteuccibg@cpanel.net,veNx4I
rwillisbh@istockphoto.com,nrKn8o
tmccrowbi@sourceforge.net,skEn6m
wwillmettsbj@cnn.com,jqAf5H
mlittlepagebk@nsw.gov.au,ksGc0d
ldeenerbl@businesswire.com,hwHy8Z
dhovingtonbm@cnet.com,gcTg1O
cwissonbn@lulu.com,wvYj4P
hvanderweedenburgbo@youtu.be,yqKx3c
gringebp@ning.com,dkMd4O
acreenanbq@cbc.ca,hgUx3L
deirwinbr@goodreads.com,wrJw3E
rgorewaybs@qq.com,ocZi4Y
szelakebt@sakura.ne.jp,dzOz6H
blunkbu@indiatimes.com,bgBj6L
ldevinbv@walmart.com,kbUk1F
bjozaitisbw@tamu.edu,yzSe9r
thinschbx@ameblo.jp,sgRo9O
dchermby@ucsd.edu,ruHc4P
mmarlandbz@163.com,ltCu6H
mwaterc0@storify.com,jaUc3O
agrimmec1@ezinearticles.com,ypSh9q
lmccullouchc2@comcast.net,bjXw3W
ceckersallc3@slideshare.net,pnZa9F
coddyc4@woothemes.com,llIw0I
khorleyc5@arstechnica.com,vmEe8s
wmcterrellyc6@bluehost.com,lxTz2u
kbalhatchetc7@wikia.com,epQo1I
adelgardilloc8@github.com,vhWr5e
rovanesianc9@china.com.cn,hiMv5w
tspellacyca@rambler.ru,bsKy5e
rarlowcb@sogou.com,duRt91
ecordellecc@sogou.com,xiGe1v
cheeleycd@hp.com,qvFz5H
lhazzardce@a8.net,wkWu0c
pbaroschcf@boston.com,zcDh52
cdunkertoncg@dedecms.com,vvFe9n
rhargeych@cloudflare.com,epUh4E
ctrudgeonci@canalblog.com,jvPb6E
scolquytecj@army.mil,reJx9B
gcampagneck@51.la,noLi8k
zjacquestcl@feedburner.com,udSe52
mrickerdcm@desdev.cn,wsRt2L
cbellardcn@elpais.com,bdBt1g
istareco@pcworld.com,ccCh7h
rgrimmertcp@blog.com,wqTs9c
krichtcq@alibaba.com,iaKm9q
egilmourcr@bloglovin.com,flHp2m
mtoppascs@tripadvisor.com,pvYz0Z
bleddyct@pbs.org,srEb7q
evernycu@blogtalkradio.com,riGc0W
ddoonecv@list-manage.com,siEg7j
fcawkillcw@samsung.com,lnHj36
rthorndycraftcx@uol.com.br,qqOk37
jtuftscy@cdbaby.com,srUh0p
mtraylingcz@blinklist.com,vuJb5W
cmalliad0@disqus.com,gfPj2d
abrothersd1@reddit.com,vqZx2r
kboecked2@house.gov,yoHr6J
agristwoodd3@edublogs.org,cqLz35
ahaversd4@bloglovin.com,joMl1t
jriseboroughd5@dion.ne.jp,vwKn32
aarbond6@techcrunch.com,bfQw3A
btregunnahd7@springer.com,frDg9F
ckeird8@blinklist.com,jxOz7l
ctyremand9@gizmodo.com,nmPq11
cpursegloveda@shareasale.com,fvWg3h
eguddedb@cpanel.net,agHl0i
ilaughreydc@nationalgeographic.com,gmXp7M
hjannequindd@google.com.au,miMf5K
dbramptonde@odnoklassniki.ru,tvGp4o
mculshawdf@bravesites.com,zaXq8X
cgiddydg@pcworld.com,ssTq4R
fmackeaguedh@quantcast.com,syQg2I
anultydi@whitehouse.gov,irJj9H
eburnagedj@goo.ne.jp,gkDc96
eathowedk@guardian.co.uk,gwPi0X
gdanforthdl@friendfeed.com,pxOq1I
scrosierdm@seattletimes.com,suZj2T
tedmeadesdn@bloglines.com,pkLo1X
apinkertondo@ocn.ne.jp,lxRq8H
ehanbidgedp@businesswire.com,fnEh7u
atomasekdq@taobao.com,ljJt5P
gshearstonedr@flavors.me,vhIg5E
jgravenallds@free.fr,usOa7e
nmacheldt@ebay.co.uk,xwCx1h
etenneydu@opera.com,knYm29
vsnowsilldv@mapquest.com,adAn9s
aparcalldw@epa.gov,iyQj7c
ejollandsdx@cnbc.com,ccOe0R
hwilcockedy@theglobeandmail.com,jhSc8W
mhathorndz@surveymonkey.com,qjYc2c
gcarrette0@businessweek.com,phVk8q
itoughe1@omniture.com,zpDe10
ghansburye2@wisc.edu,hjBi6k
dschmidte3@infoseek.co.jp,dlPu4M
sranklinge4@51.la,ffCh38
crowete5@meetup.com,dmXu4h
nbaughane6@feedburner.com,smUj4J
emoorhousee7@oakley.com,yjAt1n
blongfute8@yahoo.com,bkUq5v
rkurtene9@barnesandnoble.com,rcXn7M
kmcavaddyea@fc2.com,paNi6r
asaintsburyeb@creativecommons.org,ylOm36
luzelliec@businessinsider.com,pfWs3n
ddollmaned@elpais.com,owLs9M
slaffordee@t.co,stAg3C
jhackforthef@youtu.be,gjYm6r
atanslieeg@rakuten.co.jp,dmNo2R
ecallendareh@senate.gov,jmCk5t
yattreyei@hhs.gov,heVu9H
rjamiesonej@stumbleupon.com,orHl6G
bpetrolliek@vimeo.com,bhCi3P
egommesel@arizona.edu,xrKh91
ajessupem@japanpost.jp,krVp37
dhaggathen@opera.com,fyQs8a
drosenfeldereo@imageshack.us,lbPh1m
abourdisep@com.com,saAg8l
dgerglereq@quantcast.com,tnIs0g
cgilfillaner@yolasite.com,mbCz2G
creadwines@virginia.edu,uyWm76
hcorket@mediafire.com,gxEg69
omaccaheyeu@wp.com,ksGr0z
tbremeyerev@weebly.com,rvJa59
nlghanew@forbes.com,uqVr6l
btolomelliex@cpanel.net,ylJv0q
chabberjamey@fda.gov,mvVy4n
sharnesez@mayoclinic.com,tfWw9O
askerrittf0@ox.ac.uk,mfDr94
mvealf1@twitpic.com,vfKe9x
mstedallf2@odnoklassniki.ru,gzMm7J
cewingsf3@usatoday.com,thZs7D
ksharramf4@oaic.gov.au,diIr9n
lhawesf5@pinterest.com,oeVe8U
rhartmanf6@opera.com,dlLh6k
clevensf7@1688.com,xpWt8n
agheeorghief8@dropbox.com,mjIv4u
npauluschf9@patch.com,toGg8R
dhowlettfa@merriam-webster.com,fvTh2v
gstrongefb@themeforest.net,eoSc2Z
rchallesfc@google.com,swTz5a
sinkpenfd@howstuffworks.com,eqDz9a
gabelafe@guardian.co.uk,keSf59
sdominiciff@shop-pro.jp,bkAi1v
sbeerntfg@pagesperso-orange.fr,wvXi21
solechfh@mediafire.com,yjOc7M
ppaulackfi@lulu.com,ooUg7c
mdeasonfj@soup.io,blKr7a
stravesfk@last.fm,mlVn78
rbradbeerfl@blogspot.com,pvCa6Z
esierfm@cafepress.com,ttWd4t
bkarpushkinfn@marketwatch.com,nvBi1b
lmckerleyfo@china.com.cn,ahLp5i
eolcotfp@nbcnews.com,dzMz5s
tdreverfq@phoca.cz,ghBb53
mmcsheafr@istockphoto.com,gwAp33
cmousbyfs@sakura.ne.jp,btVv4p
praggattft@cdbaby.com,ojDc1g
jworviellfu@github.com,noIx3O
lcometsonfv@de.vu,bcZo6c
mgethingfw@sogou.com,ooZb5R
upaolofx@wiley.com,ecCi14
ebonellefy@jigsy.com,uhVv7D
dpenhallurickfz@slashdot.org,zuCv3s
lterrisg0@comsenz.com,gmTi4A
jiskowerg1@facebook.com,yxYf4I
acayg2@amazon.de,hlKy6y
fsenecauxg3@irs.gov,nxSa4N
stesdaleg4@blinklist.com,soEk8T
hdockrellg5@wix.com,lyIj9D
lbeachamg6@shutterfly.com,iqWh0m
bfirbyg7@diigo.com,nvQb5S
geadyg8@livejournal.com,ygDl2Y
gbroug9@gizmodo.com,bjOr4p
rcrutchleyga@cbc.ca,hyZm9y
bbummfreygb@salon.com,ryYr1j
aegelgc@sun.com,kaCn5w
iduchennegd@imageshack.us,wtKg7e
hmesserge@symantec.com,fdNj2E
dnoblegf@over-blog.com,oqXi5R
gstenynggg@apache.org,eqVm2t
hgoulbornegh@imgur.com,joNc8f
rmiltongi@networkadvertising.org,ykUm6h
hcrigingj@nydailynews.com,pvYa3L
mkinnochgk@sun.com,gaHk6w
gkornilovgl@reverbnation.com,ykQq1r
tdrexelgm@dell.com,ppKm68
rbadengn@sun.com,dyAg6N
rhowkinsgo@devhub.com,noFb8G
tkeightleygp@cnet.com,ivLm8H
wgibbsgq@joomla.org,pdEc9S
abrackleygr@t-online.de,bqUa44
wfyndongs@surveymonkey.com,xeBc5G
afettiplacegt@usnews.com,wrGt6l
tcawdrongu@1688.com,prFu0M
acallinghamgv@stanford.edu,akUj9e
rmccourtgw@nsw.gov.au,frPt7w
gantonijevicgx@accuweather.com,arXl0J
dpetofigy@globo.com,lzFe48
pguiugz@fc2.com,auVf4f
mgiovannaccih0@springer.com,cyCy8Z
prottgersh1@baidu.com,ffLz6Z
vbonelleh2@baidu.com,yoIj54
rprynh3@hibu.com,tpLb8z
ovandecasteleh4@exblog.jp,wiLi9S
abywaterh5@simplemachines.org,teBt64
smordeh6@g.co,ciEf0z
cpadleyh7@freewebs.com,ajQp3W
ecroisierh8@sun.com,giYn0U
tklementh9@epa.gov,gxAy0s
mlahiffha@wikispaces.com,gyKq8x
lgraveneyhb@bigcartel.com,roXu23
egutteridgehc@netscape.com,pcFg9x
mbowlandhd@tinypic.com,cuWg1P
sbywayhe@state.tx.us,whWu7g
rfountianhf@prlog.org,ljZr2f
rclivehg@mapquest.com,cvVw3A
henockssonhh@weibo.com,noZa01
sdeshortshi@multiply.com,mjLj8l
bigohj@about.me,lnBo8c
rredolfihk@ucoz.ru,nvWc88
tvasyunkinhl@sciencedirect.com,dyEv1S
dhoxeyhm@craigslist.org,wfQn7w
sboydellhn@who.int,yvEt7w
fheidenho@linkedin.com,kiId7m
lkemmonshp@umich.edu,rmGj4h
dkerfodhq@berkeley.edu,doOq1a
lclealhr@huffingtonpost.com,gqBv97
tgorihs@amazon.de,wrRe4j
fcarlisiht@1688.com,kxPn0M
gkareshu@shutterfly.com,jpAw00
elovedayhv@cam.ac.uk,oeLq9h
skahanhw@vinaora.com,fdAu6Q
kclearehx@theatlantic.com,tvEh4S
sleonhy@omniture.com,trVc8X
ckurtishz@ucla.edu,qsLx4F
dkiesseli0@opera.com,xhYn8L
nbelloi1@people.com.cn,zcYi58
amallalli2@wired.com,oeWq2u
gdreghorni3@webeden.co.uk,ddJa4X
egirodieri4@goo.gl,cxLi2s
sroperi5@google.com.br,nyKb8f
ametsoni6@wikimedia.org,cjKk6s
dimeseni7@mtv.com,lkTi7s
mcooplandi8@theatlantic.com,azUk6K
bfilimorei9@furl.net,hsXt5N
vhensmansia@bravesites.com,jhJm7y
tkobusib@sphinn.com,fgYg5t
rroseamanic@so-net.ne.jp,btRb4y
mhindmoorid@blog.com,jsGh8L
khastlerie@shinystat.com,pkAh9C
dleishmanif@virginia.edu,nsUw9o
dfrohockig@army.mil,hyAh5n
hmuckleih@vinaora.com,vjPx8S
ebattertonii@flickr.com,lrEr40
estrowanij@paypal.com,idBx42
mmckerronik@usda.gov,tvAt3U
pdivallil@newyorker.com,iiWu3H
neasonim@wordpress.org,raGj5R
kmcdouglein@feedburner.com,exIo76
htullettio@java.com,oxJx0i
pcarruthersip@mysql.com,xjDg7f
rlehrmanniq@state.gov,wpLg12
sgoodleyir@paginegialle.it,fnEk3u
ccashleyis@zimbio.com,qaKb33
dfodenit@ovh.net,gnKr7m
reverilliu@liveinternet.ru,ezPw5U
mscareiv@vimeo.com,ytHb1F
lgrinyeriw@sun.com,mjGt2s
jirceix@nih.gov,iuOh6j
tfakeiy@cafepress.com,taZp6S
mmisseniz@1688.com,kfZr4l
gkamienskij0@themeforest.net,ruSf0r
vdunksj1@stanford.edu,jyQp3i
fjarayj2@yelp.com,qaUm6d
btwopennyj3@princeton.edu,tiNl5p
chedditchj4@hibu.com,kcUt02
hscroytonj5@infoseek.co.jp,eoPm6J
hcoyshj6@gizmodo.com,vwYp5j
ccawdronj7@over-blog.com,qqYd90
sdossantosj8@1688.com,edCa8Q
cdarbonj9@icq.com,waTg2U
ncoldbatheja@wsj.com,leHb7y
ukolodziejjb@un.org,nhKa5O
kkneaphseyjc@huffingtonpost.com,cxNg6J
lcoulsonjd@blogger.com,dtNm5O
ddixonje@github.com,llZl1Q
laddekinjf@ebay.com,ccTf7x
apashbajg@epa.gov,naMm2A
rkittlejh@de.vu,hfBv4u
dludlemji@howstuffworks.com,nlGq4Q
dmccuthaisjj@java.com,xmWz8W
rrobbjk@sakura.ne.jp,myLj8Q
vpatronejl@mac.com,pjHm1Z
cwynessjm@godaddy.com,fxEc9g
wjahnischjn@vinaora.com,iqRr88
amarquandjo@rakuten.co.jp,hxMd6j
dbambridgejp@fastcompany.com,wvJz19
eaimericjq@apple.com,anKb9X
dchawnerjr@last.fm,zyJz5D
crogerotjs@example.com,suMn1s
sblackmoorjt@imdb.com,nqVi8O
bchattelaineju@pbs.org,xrBr0u
hmaxtedjv@ebay.com,esKv7Z
agyppesjw@printfriendly.com,awVd1G
cshackletonjx@cbc.ca,gfBa0I
pbrendeljy@weibo.com,dqTg7c
lmaysjz@dyndns.org,mnYi4I
ebrightwellk0@live.com,bmUu7V
cormondek1@prlog.org,xuZh64
fheseyk2@dropbox.com,hhXz9E
tthomasenk3@chronoengine.com,uePg5Z
wyardk4@diigo.com,yjUv9a
sgillowk5@salon.com,cqCf3n
jshoresonk6@pen.io,dwEf69
vcheccik7@naver.com,hfAu8A
dephsonk8@usgs.gov,itQv8j
ndewersonk9@rambler.ru,eaAf7i
sdefondka@w3.org,mmWz5M
hjagerkb@bigcartel.com,jqZx30
adefrieskc@slideshare.net,rjPg83
lbrockbankkd@t-online.de,xmYj8e
fcowernke@bloglines.com,jsKl9v
mmcmeartykf@csmonitor.com,gbCi7p
mjaeggikg@altervista.org,wgKt0f
efeckeykh@spotify.com,lyFp5u
cphilliphski@histats.com,vwTd16
ctunniclissekj@buzzfeed.com,exPu5G
smccreedykk@salon.com,kvEp8s
sbhatiakl@wiley.com,wnRw9M
gmanklowkm@squarespace.com,qcFd32
kmcconnalkn@mlb.com,aaDo0o
bteasdalemarkieko@cornell.edu,rvIb9o
wbreddykp@godaddy.com,azJz4m
sscowenkq@photobucket.com,kiBl1t
pgatuskr@wix.com,qhEi7f
swaddicorks@linkedin.com,lsTw6R
jmalpaskt@delicious.com,okIb9O
anearyku@ifeng.com,wwIj2i
blaverskv@hp.com,lsKj0Y
tciccettikw@yellowbook.com,euTu5n
ncosinkx@4shared.com,rfTa6N
bbresnerky@istockphoto.com,noHo3T
smessierkz@who.int,szRv6J
rattwelll0@free.fr,zxWc8f
imelsomel1@wikipedia.org,tyAb59
halessandrinil2@google.com.hk,ofBq9p
kshavesl3@prweb.com,onLv47
wsentonl4@sogou.com,tmAs7U
clearmonthl5@amazon.co.uk,miBe89
ghanstockl6@ovh.net,arIa8e
jbricketl7@bloglines.com,bhPe9p
cchristescul8@ibm.com,htWs3a
ckneel9@ed.gov,cwBj47
htyriela@yale.edu,leQy2A
dkornackilb@nydailynews.com,vaFq4b
dcorroyerlc@google.ru,fqRn4C
vventrisld@si.edu,wqWm06
vrutterle@scientificamerican.com,vjCh84
ncheccilf@nationalgeographic.com,oaAr6G
westcotlg@bizjournals.com,uiTj9g
jadolfsonlh@csmonitor.com,lrIb5r
mghidottili@nytimes.com,snPm2d
aredwinlj@yahoo.co.jp,yjBh2J
kperrinslk@telegraph.co.uk,puEj6P
amclellanll@yahoo.co.jp,izVx0e
bsothernlm@webeden.co.uk,crYt3V
sdyballln@ft.com,unTt7a
vbodkerlo@trellian.com,pdEb4N
dshortolp@nps.gov,yfAt92
wleprovestlq@adobe.com,pxWz1p
darnopplr@amazon.com,ceLi0p
fkentishls@spiegel.de,rhZd0y
bdalrymplelt@cornell.edu,gmVg4S
trameletlu@paypal.com,nmGe33
kbraitlinglv@shop-pro.jp,jyYo5k
modoireidhlw@yahoo.co.jp,rgYf2U
mbomblx@friendfeed.com,yyQi5i
iledwardly@earthlink.net,caVl8r
ogoranovlz@addthis.com,ohNz90
agilksm0@netlog.com,krBt01
qlameym1@sciencedaily.com,nvIp4o
scutbirthm2@springer.com,thCr10
wrichardm3@eventbrite.com,jmFz8s
oprattenm4@phpbb.com,jdPs73
zmecchim5@ameblo.jp,vpKt3Z
mkerridgem6@soup.io,ljLx7D
lgladtbachm7@imageshack.us,rbCq8d
rvincentm8@businesswire.com,zhCk5y
italbotm9@nsw.gov.au,qlSl2G
rrishworthma@mashable.com,vjJo8G
djanochmb@google.ca,pfTo2C
jknudsenmc@sfgate.com,ylTs6B
fhawsmd@google.com.au,kyVz3G
mallensonme@archive.org,hjKn9R
wgowanlockmf@usa.gov,tbAf0V
ostanbramg@statcounter.com,fiEq3n
tstolbergermh@google.pl,fdZo7V
gwatermi@vinaora.com,okDf6Z
sdelucamj@macromedia.com,gfRs3M
dbalstonemk@gravatar.com,irYb9h
akilmasterml@unicef.org,ynCb8C
chaysmanmm@printfriendly.com,feCy4g
aburgwynmn@chicagotribune.com,adTl2h
bnasimo@themeforest.net,wcCj9a
rkennermp@xinhuanet.com,gtYu3p
hspringthorpemq@comsenz.com,cdDc7z
criseleymr@technorati.com,gfZe4G
vshannahanms@yolasite.com,tdAb6u
wmellingmt@google.pl,blNy8e
tsichamu@stanford.edu,lnSv6C
jfoulismv@usa.gov,khOo2d
mcholertonmw@nih.gov,rqVd3Y
fovendenmx@tinypic.com,rzYn1l
cpeersmy@ebay.co.uk,kdSp0z
jbramontmz@howstuffworks.com,ujSq1V
mchinnickn0@4shared.com,loJm00
cleijsn1@discovery.com,kzJe6F
wwagenn2@mozilla.org,rpRt16
jdukelown3@cbsnews.com,bjYc8M
abickerstaffen4@miibeian.gov.cn,tyZs9O
fabramskin5@spiegel.de,kpAs3f
tdrewittn6@yandex.ru,vuGz6n
rpadberryn7@eepurl.com,nqVo4J
renstenn8@foxnews.com,ipQp8m
kglamartn9@foxnews.com,rbOz16
dbraundna@shinystat.com,mhRy1O
aclurownb@ning.com,jwBa03
bportressnc@mlb.com,jwLj9t
mblackmorend@yolasite.com,hvQv7O
tstrathdeene@reverbnation.com,poZz9J
mduffnf@abc.net.au,ucIu4L
maudusng@tamu.edu,nqJj38
lmacgaughienh@addthis.com,bhRc6z
slingfootni@businesswire.com,woAa5p
afranzettoininj@prweb.com,kdCa3R
mwalshamnk@ucoz.ru,nlIl3c
dcowernnl@xrea.com,fvXn5H
kbaroschnm@edublogs.org,jnCn4R
tlandellnn@examiner.com,xtJb7Z
dfranzkeno@blogtalkradio.com,dvSk9m
dfrancisnp@google.de,euXp36
fbookernq@google.ru,cxPo26
icheeknr@google.com.au,onOd2i
nhuckabens@mysql.com,yhDs0F
dgeldeardnt@dyndns.org,gxUa2Q
atibbsnu@e-recht24.de,lbKm1S
jkitchenmannv@lycos.com,obNy4f
estubbinnw@latimes.com,jdDc9X
jmichenx@goo.gl,dvIa66
powtramny@spotify.com,pqHz7w
dspurettnz@tinypic.com,hgMb0O
fmatieuo0@tmall.com,fzTx8h
fborsio1@tripod.com,pxGd2q
ntortoishello2@samsung.com,ugCd8v
lparkmano3@issuu.com,ixQd1G
amaphamo4@cisco.com,jcUj2w
cdrinkaleo5@toplist.cz,zsJi5q
rcayleyo6@howstuffworks.com,amFa5S
gdurno7@feedburner.com,cnVh0v
tpoyntero8@techcrunch.com,bvLy3F
btrenemano9@prweb.com,pbUu28
eoffordoa@posterous.com,pgEx5b
oosullivanob@bloglovin.com,exLe8z
amorteloc@sourceforge.net,ieTf8n
hvaninod@europa.eu,tdKh3T
sschwandoe@gmpg.org,kiQp3D
rdantoniof@nydailynews.com,qbWv25
nrevingtonog@yellowbook.com,bhWa0u
aedmundsonoh@washington.edu,jsGo34
cdownieoi@nifty.com,lzKu9K
dcolpusoj@ed.gov,jhKt3n
mfountaineok@privacy.gov.au,gmNu0q
hfarrandol@google.co.uk,ytKt2R
aellesom@macromedia.com,jnQr2m
wlineenon@exblog.jp,kcHs5R
caspalloo@networkadvertising.org,heZg35
lgullifantop@arizona.edu,mmCo0u
arahlofoq@marriott.com,tyMt9k
dattwoullor@vk.com,gyRp5L
npiseros@1und1.de,bjBq73
gjaycockot@photobucket.com,dhJq8f
agraeberou@acquirethisname.com,enVj1j
tfendlowov@creativecommons.org,dnTt5U
vfitzharrisow@abc.net.au,isBi5b
dvernonox@flickr.com,soAh5E
wabramowitzoy@unicef.org,fmYd0n
sesselinoz@jigsy.com,pkSf8U
bkumarp0@house.gov,ziUf0i
ubraybrooksp1@prlog.org,pfJx8h
gdarellp2@techcrunch.com,ymZp9H
klangthornep3@blinklist.com,ldWn8X
hknibbsp4@ucoz.ru,gdXq7R
poliviep5@cdc.gov,ixOa6a
ncleetonp6@networkadvertising.org,qwFx8M
rmoylanp7@blogtalkradio.com,lzQs09
rkilgrewp8@free.fr,yoIh5F
lrotterp9@walmart.com,fbIv8C
wnettlepa@intel.com,vwPq7x
ariggottpb@list-manage.com,gnZf5E
tjanuarystpc@myspace.com,rbVu5N
fknowlyspd@google.cn,rfXr4H
psaffinpe@google.ru,alWc7R
dpickoverpf@buzzfeed.com,jzRv1S
bbrugmanpg@baidu.com,jvKh3P
sdaughtonph@fc2.com,alWv81
dtallispi@latimes.com,vqZa2u
cchezellepj@ca.gov,ntTf58
ndursleypk@google.es,gkMq4a
bpietraszekpl@photobucket.com,lmYr3D
nmeritpm@squarespace.com,zyPm20
lfelippn@dailymail.co.uk,ppYr9p
aianizzipo@redcross.org,kaGk9s
fmarciekpp@google.co.jp,biQt1Y
pmussettipq@woothemes.com,guQi2g
mbircherpr@weibo.com,kqSk6Q
ccostellowps@imageshack.us,kdTl1K
klawleypt@berkeley.edu,ydOi8b
pnicklinsonpu@homestead.com,zkBu8v
jlunnpv@cpanel.net,zsYx9Q
vklambtpw@myspace.com,hfYn7g
bhastonpx@mozilla.org,fxAq1S
mvivashpy@live.com,xcKn2j
heynaldpz@aboutads.info,ehHe0h
tsharkq0@networkadvertising.org,onOo2L
hmallionq1@cisco.com,isQe8v
sbickersq2@mtv.com,psJm8q
ogullq3@yahoo.com,pvBc7r
dskupinskiq4@house.gov,xqZm7W
jtindleq5@mashable.com,pqFg48
cgrinyakinq6@wordpress.com,sdOo7f
dgoodramq7@house.gov,awVz93
bflickerq8@symantec.com,koGu9W
ahushq9@nytimes.com,ulWn8c
mellenqa@nydailynews.com,udKd31
phellicarqb@kickstarter.com,ztBz4R
dsnarqc@house.gov,twKn6N
chinchcliffeqd@google.com.br,jtLm0g
nbernlinqe@is.gd,xrIa1g
mkeepqf@va.gov,xdJp2z
mdayborneqg@auda.org.au,tsRu0x
binderwickqh@ox.ac.uk,hqTp7c
rcastagneqi@macromedia.com,fuCq7D
dwombwellqj@weather.com,jvVp5x
sfillimoreqk@mit.edu,zdYo0h
asherborneql@e-recht24.de,kvWf8L
pscholfieldqm@deliciousdays.com,ajRq4y
hboritqn@github.io,uvMs16
jwallettqo@tuttocitta.it,vdAh6U
ygemeauqp@scribd.com,rrFr3G
jpickvanceqq@vk.com,zzZg7Q
lgarawayqr@whitehouse.gov,mjWl0i
ctonryqs@linkedin.com,tmDx68
drobunqt@abc.net.au,afYi2k
usharpleyqu@dion.ne.jp,ibDb5z
imugfordqv@cam.ac.uk,chWu5d
cdewersonqw@indiegogo.com,wxYz6Q
cbaltrushaitisqx@examiner.com,ycPu1l
deykelboschqy@ehow.com,rvSx1x
mberfootqz@skyrock.com,jaMu5G
ptrathenr0@usda.gov,kqYa7A
jroadr1@vimeo.com,mdQe85
npedrolr2@de.vu,xgLm7C
tdupreer3@geocities.com,kiNs9v
esimoncellor4@uiuc.edu,lwMi3h
kfavelr5@yale.edu,agOq7m
crickersyr6@csmonitor.com,amFd8q
rnorthager7@mediafire.com,iaXu69
gjordenr8@washingtonpost.com,wzIe6H
cseakesr9@csmonitor.com,tcGo6f
cjeffryesra@liveinternet.ru,geBu75
jtirreyrb@illinois.edu,ltEn1B
clechmererc@facebook.com,xlJl79
pdaldanrd@posterous.com,syZd7D
kyeardleyre@gizmodo.com,bfQt2W
fvearncombrf@behance.net,ioHi6g
cjorckerg@utexas.edu,umAg1E
chawrh@technorati.com,nnPo1o
mtrewhelari@illinois.edu,paCx3B
ccotillardrj@scribd.com,ftYm6p
haynsleyrk@home.pl,eeQx3C
tlyonrl@adobe.com,liRt7D
mravenshawrm@imdb.com,ejHs5i
mlehucquetrn@a8.net,ueVw9b
anibleyro@ow.ly,qqTt9V
eloyleyrp@about.me,cvWt5z
rkobkerq@ucoz.com,okVl7g
vgorsrr@cam.ac.uk,bkVc5f
