1,ewarratt0,mhansard0@joomla.org,iqZp8D
2,dsheering1,jbeert1@quantcast.com,grBw7f
3,rlassen2,lduckers2@vistaprint.com,kwXu8J
4,bthomason3,sfigge3@soup.io,itSl6p
5,ashirtcliffe4,rtidbold4@is.gd,rkMb65
6,mmounter5,rhaggart5@biblegateway.com,pdLb1y
7,pbrittoner6,jmaccawley6@slideshare.net,poRr00
8,njackson7,emewha7@senate.gov,ysFy3s
9,cgunda8,dtankard8@hibu.com,nuOq2x
10,gadamides9,gletterick9@adobe.com,gtEf9E
11,tgonneta,avasilieva@squarespace.com,cyUj41
12,awortb,tstiantb@csmonitor.com,cdTi8a
13,cadcocksc,hkelleyc@amazonaws.com,xuHd9U
14,aneiland,fandrickd@jalbum.net,bxQh48
15,dshowaltere,sbonteine@whitehouse.gov,eoXq6b
16,mwrightf,ningilsonf@statcounter.com,lrJc9c
17,rlinskeyg,cmacmeartyg@tripod.com,fuOw1J
18,oalph,lkrzyzowskih@wisc.edu,ioUr8X
19,btasseleri,gcurrumi@studiopress.com,yiFz7A
20,ccastillaj,jdendonj@mac.com,ogYa4p
21,ostanyforthk,ebrixeyk@youtube.com,ylWq7X
22,jharlockl,wcordobesl@goodreads.com,pxHz0T
23,etuerenam,rridolfim@miibeian.gov.cn,emJg4A
24,fwaterdrinkern,pmattussevichn@buzzfeed.com,fdZk91
25,gcallano,rclinkardo@about.me,vfPz0T
26,vcrosdillp,bbrayleyp@tmall.com,reAb7D
27,tsinkinsq,dlowryq@cpanel.net,bfIw1Z
28,jhuftonr,sdorrancer@telegraph.co.uk,xuMa7S
29,lmacvaughs,swillshaws@com.com,kzWl0T
30,espallst,jfettiplacet@loc.gov,etOy7z
31,dthumimu,ccummingu@patch.com,vyAm7v
32,akonerdingv,adesportv@dmoz.org,hcGh4M
33,gliddiardw,ghakewellw@tinyurl.com,irGl79
34,shutcheonx,amapholmx@discovery.com,rdCr8F
35,dduranty,rkewy@amazonaws.com,fvQr0R
36,zlissettz,dbabbz@is.gd,aoUm6f
37,bleball10,swinram10@nydailynews.com,opCp9U
38,hbrockelsby11,jfawcitt11@imageshack.us,zcIu6j
39,jseiter12,mheersma12@constantcontact.com,jrHp4Y
40,rikins13,dgoldfinch13@artisteer.com,ggGr9p
41,cespinho14,dnaris14@telegraph.co.uk,ueCm0c
42,gfurness15,tsketh15@addtoany.com,kvBl2V
43,ltoe16,dwixey16@i2i.jp,hrLd9T
44,mwalbridge17,dhayth17@51.la,clUc6M
45,vdelamaine18,kjosephi18@hhs.gov,uhMp5y
46,cbrech19,cpavis19@state.tx.us,rzEe0m
47,mskamal1a,swane1a@google.com.hk,ofPe3G
48,ukonzelmann1b,dstoneley1b@psu.edu,keEn03
49,jbembrick1c,cthunderman1c@cloudflare.com,ifFq2w
50,mpyrah1d,acreeghan1d@vinaora.com,slUx5O
51,mstroban1e,lreville1e@businessweek.com,shYx8J
52,rdunrige1f,cpiburn1f@github.io,zmZw5S
53,toluney1g,cfosken1g@shinystat.com,kjUy44
54,mtop1h,fdytham1h@sakura.ne.jp,uzNs5K
55,fdanat1i,skarmel1i@state.gov,tgIi7f
56,sdawidowitz1j,bawde1j@businesswire.com,hxFg4z
57,rskelly1k,rflieger1k@clickbank.net,osIn2w
58,spetroselli1l,dharewood1l@boston.com,epOu0c
59,jdarville1m,bmart1m@skyrock.com,sqPh25
60,mpennone1n,cortler1n@ihg.com,lwOn1j
61,driggs1o,bmcmichell1o@jugem.jp,usUz8a
62,cneath1p,sdigiacomettino1p@kickstarter.com,tvJi8X
63,gkettlestringe1q,bpayfoot1q@naver.com,wgNa0b
64,avisick1r,sslatten1r@yahoo.com,tcDj4I
65,cnelthropp1s,owythill1s@seattletimes.com,wsCr0V
66,zdemendoza1t,bplayhill1t@census.gov,esMz2E
67,qheijnen1u,jpaffot1u@columbia.edu,rsWf5Y
68,vgallafant1v,mbriant1v@economist.com,hjZw5L
69,clowrie1w,iucceli1w@macromedia.com,qiYi1N
70,mffrench1x,dbreit1x@addtoany.com,ucOc1a
71,lburgane1y,dberceros1y@mac.com,yuAz5z
72,fbetham1z,scrichton1z@goodreads.com,rtTh02
73,ynussgen20,dchapelhow20@cnbc.com,upAo1V
74,gyerborn21,dharrow21@cbslocal.com,miNg6e
75,cwattam22,pbartelsellis22@tripadvisor.com,lwEp3f
76,yokenden23,lmcculloch23@uol.com.br,heJt2W
77,jschleswigholstein24,nlodewick24@addtoany.com,ccRr9n
78,fmellonby25,jbygrove25@usa.gov,iaCl8j
79,hclay26,gtwitchett26@blog.com,xaRk92
80,gellins27,kthomelin27@icq.com,lcKz6A
81,jdelong28,fjoblin28@ucsd.edu,ucIq11
82,tbaseley29,vgurr29@chronoengine.com,ilIu6S
83,bchaimson2a,cmartindale2a@sun.com,wyRm09
84,akitcat2b,amacnockater2b@ft.com,fmCn2N
85,smcgahy2c,lcassimer2c@columbia.edu,wqOm2W
86,ewileman2d,cdevericks2d@nbcnews.com,cqDy9a
87,nhaskins2e,pmcquirter2e@ca.gov,ivDw7r
88,atraise2f,jizachik2f@discuz.net,tiVn4P
89,jedmonds2g,hroden2g@elpais.com,gnBj7c
90,jgunner2h,ptootal2h@google.nl,upCl3Y
91,ahonniebal2i,vosesnane2i@friendfeed.com,cuXo3p
92,jbearn2j,mdeem2j@scientificamerican.com,wtZx2e
93,gmullaney2k,aboden2k@ibm.com,hlJp4t
94,tnoen2l,rbomfield2l@seattletimes.com,xxDe8b
95,cgowers2m,bsprague2m@reddit.com,ipYr5N
96,eandriveaux2n,ocaulder2n@ft.com,ioAq0y
97,rellingford2o,sbaniard2o@chronoengine.com,toSc1t
98,eyeld2p,vdaffern2p@ibm.com,yfFr4Q
99,tsayton2q,rbakhrushin2q@flavors.me,ywJx2l
100,cdean2r,hburgill2r@networksolutions.com,otEu8u
101,gfenny2s,bhartness2s@homestead.com,dmNk42
102,gdunnico2t,shavercroft2t@hubpages.com,myEn3q
103,erobathon2u,mtassaker2u@cbsnews.com,guDe0x
104,ncaine2v,tdirocca2v@mozilla.org,soVx3y
105,ltomkiss2w,dfomichkin2w@wikipedia.org,fmBo4v
106,fniessen2x,ierskine2x@dell.com,mdQf6K
107,lollenbuttel2y,dbrabben2y@globo.com,gvMj68
108,kfermin2z,vutridge2z@posterous.com,biMd35
109,ddunk30,lelders30@csmonitor.com,ssAp9f
110,dgroll31,kclemmow31@hud.gov,bzTk1B
111,hhelliwell32,mmellon32@liveinternet.ru,jeHf32
112,pkither33,dsivyour33@sohu.com,onDx6Q
113,hlewcock34,mmorad34@drupal.org,njYc5T
114,crahlof35,gpiscot35@myspace.com,vhZc7y
115,abrosnan36,sgeleman36@facebook.com,wlKm8L
116,amcgill37,cgander37@joomla.org,xlVu7T
117,lkidby38,rscottesmoor38@blogger.com,cxYj8w
118,akenealy39,sbattelle39@guardian.co.uk,fnAm5Z
119,bosuaird3a,dfilippazzo3a@ifeng.com,zsHy1I
120,spallent3b,rcolquhoun3b@time.com,xjNu5T
121,norpin3c,tfrift3c@etsy.com,xhHx3L
122,mshedd3d,vbuckthorpe3d@goo.gl,caVx58
123,phamblett3e,pmackett3e@bbb.org,jmGx0d
124,gsmallwood3f,efallowfield3f@twitpic.com,lqFy8I
125,amorley3g,hshapera3g@ifeng.com,krEe33
126,hshortin3h,apenson3h@dedecms.com,oiPe0j
127,ctyndall3i,sdulen3i@odnoklassniki.ru,ctMq6q
128,mtidd3j,lpeachment3j@sitemeter.com,meWe41
129,rdjokic3k,folorenshaw3k@bluehost.com,anLi9S
130,alefeuvre3l,blebrum3l@google.com,loCi82
131,lord3m,gsnaddin3m@cyberchimps.com,zlNn5i
132,dashwell3n,pvallantine3n@stanford.edu,atHm45
133,pdubble3o,ewestgate3o@technorati.com,egQi7T
134,smcgrotty3p,lbalma3p@comcast.net,tkCk0c
135,imcgreay3q,svenneur3q@rediff.com,enMl9T
136,mvasilkov3r,mcrilly3r@ucsd.edu,fmSy1v
137,abielfelt3s,mioselevich3s@w3.org,asCd15
138,tjessep3t,anickell3t@hibu.com,rkXm6D
139,avass3u,clisciandri3u@elpais.com,hiQg3g
140,dgeharke3v,wboyd3v@clickbank.net,nbAw7B
141,jperutto3w,bwaything3w@ca.gov,itAm4y
142,ntwelves3x,celsby3x@usa.gov,voSb2c
143,hcrayk3y,dhelm3y@mit.edu,kqZi6m
144,kmein3z,inorcop3z@about.me,lcCq0T
145,afeatherbie40,gingall40@google.nl,owVh7V
146,pcinavas41,dsilberschatz41@multiply.com,zvOa1N
147,cjanos42,kdaldan42@seattletimes.com,wzRv7D
148,fchestnut43,mpyott43@plala.or.jp,vsVz4a
149,lmalcolmson44,rkrysztowczyk44@1688.com,zwQl6R
150,tcoyte45,gchasmar45@cargocollective.com,chIo45
151,pewart46,yallsobrook46@cloudflare.com,fnPr3q
152,agiacobillo47,ccrowhurst47@4shared.com,emHf5G
153,sgrcic48,arushforth48@amazon.co.jp,yzTb3k
154,jschwandermann49,mchard49@blogtalkradio.com,eyNz0N
155,mjecks4a,fshillington4a@imageshack.us,qfTl6K
156,dleeson4b,dneicho4b@wp.com,vmIr0P
157,dszwarc4c,kzannuto4c@jiathis.com,oaQq8e
158,bbogart4d,rjuschke4d@xinhuanet.com,ebOo4U
159,aosler4e,alyptratt4e@sohu.com,qfGz8t
160,ecaisley4f,atregust4f@xinhuanet.com,suQt9H
161,pespinazo4g,mreek4g@smh.com.au,feYt1s
162,cmcboyle4h,jpouton4h@bloglines.com,ffYe6f
163,dmartinovic4i,dfeben4i@upenn.edu,zlBv4J
164,bwenn4j,gmacconnechie4j@yandex.ru,zwGt5P
165,gcassey4k,rrump4k@deviantart.com,jkVw8c
166,tdoig4l,shradsky4l@geocities.com,ffDu2Y
167,stabert4m,mmcgowran4m@multiply.com,igEz0y
168,kmayze4n,slathan4n@eepurl.com,foSa1e
169,ksarjent4o,cmurfett4o@moonfruit.com,tpVy4M
170,meglinton4p,edaveridge4p@51.la,sfIx7E
171,amclleese4q,dquincee4q@yale.edu,ojTz66
172,bstubbs4r,ftest4r@ning.com,nzVe1n
173,aworvill4s,dcalvert4s@usnews.com,tzRl0F
174,cfeeley4t,ckimbrough4t@ifeng.com,mbHn7R
175,cskate4u,crummer4u@oakley.com,lsVt3E
176,awinteringham4v,mfellis4v@xinhuanet.com,gtWh9M
177,pharnett4w,rburtenshaw4w@ox.ac.uk,kdFe6f
178,cdegliantoni4x,lparsall4x@cmu.edu,ndGz42
179,iselkirk4y,bstollsteimer4y@nydailynews.com,eqWx1e
180,gjopling4z,kricht4z@joomla.org,liDj3f
181,agrishukhin50,bmilne50@sciencedaily.com,ocJn3w
182,pghidotti51,pwozencraft51@elpais.com,keFd6F
183,naleso52,eingerman52@blogger.com,mhKw4M
184,rnewbury53,ttremontana53@nih.gov,giZl5K
185,sschiementz54,kbrisson54@behance.net,kxPc3N
186,cbenza55,sgrisewood55@ibm.com,uuNe1B
187,mfeeny56,hthorneloe56@geocities.com,puVa5C
188,apareman57,ecusworth57@whitehouse.gov,jeQq6F
189,bsimnor58,bcorns58@blinklist.com,mzQw45
190,chovee59,nblakeman59@mail.ru,xlQd0s
191,wjancy5a,slansley5a@berkeley.edu,erDt6I
192,bgherardi5b,kaucock5b@umn.edu,vtZa7x
193,epurser5c,wbedson5c@nih.gov,vuZq7a
194,rlawlings5d,mobruen5d@github.io,ecNu30
195,gcaro5e,nvasilenko5e@typepad.com,phZd8U
196,kkunath5f,kdecker5f@domainmarket.com,mkHr8a
197,fdecourcy5g,mdagon5g@nydailynews.com,fnFr0M
198,mtestin5h,ghagard5h@wsj.com,wtTd84
199,krycraft5i,rfrye5i@ft.com,thGr8V
200,cmafham5j,bfilippozzi5j@springer.com,hkEk7y
201,csprosson5k,sjancar5k@google.co.uk,avQl6B
202,mpetrowsky5l,dmedcraft5l@uol.com.br,kwOf38
203,hmyhill5m,hburleigh5m@cdc.gov,lqGq8h
204,eockleshaw5n,bkollatsch5n@goodreads.com,ywOg8j
205,mcringle5o,zjouhning5o@goodreads.com,obDs48
206,bjacqueme5p,ujohnsey5p@ca.gov,orNh5q
207,svigars5q,atowl5q@unicef.org,cvPu87
208,bhutt5r,azmitrovich5r@exblog.jp,xuBr93
209,wcoase5s,kansett5s@spiegel.de,oxAi14
210,jfreed5t,kdisbury5t@amazon.co.uk,tdCx1J
211,kbillborough5u,iarbuckle5u@mozilla.com,qwHd0e
212,abarhems5v,lkryszka5v@biglobe.ne.jp,ekBx4x
213,ugonzalez5w,cpaviour5w@blog.com,rhKn4R
214,ecole5x,mcuthbert5x@google.com.hk,bzVn7O
215,mfuggle5y,fkleine5y@soundcloud.com,piKy1E
216,jgerold5z,gantat5z@lulu.com,sdNb8t
217,ipotte60,jcarff60@unesco.org,isAb4y
218,ckroger61,dsessuns61@theguardian.com,ibPz5D
219,pwillers62,mparkhouse62@patch.com,voEo5e
220,cpetyankin63,lchiddy63@ed.gov,aqXc7T
221,bmcilhatton64,dthornborrow64@nbcnews.com,ouEv6z
222,lcuthill65,cvivash65@elegantthemes.com,bxHt4y
223,cfeige66,clevermore66@squarespace.com,zfNf3S
224,emacak67,gfridd67@pbs.org,gvBf4G
225,bbinder68,wfitzpatrick68@forbes.com,zxXs8Y
226,nbere69,mkoomar69@opera.com,stXj8K
227,lstote6a,tduigan6a@dmoz.org,uzEr6K
228,eperchard6b,rirnys6b@imdb.com,xxFd0i
229,ghilhouse6c,wfanton6c@slate.com,gvDa7g
230,dgosden6d,hcoan6d@netscape.com,peWi9p
231,kellar6e,asurmeyers6e@bloglovin.com,tqOq4S
232,msmylie6f,ibarringer6f@lulu.com,caId3g
233,sreichelt6g,lgornall6g@squidoo.com,fnQy36
234,ccrocroft6h,ajacomb6h@addthis.com,dwIr93
235,estange6i,kpaulazzi6i@goodreads.com,vtVq6w
236,jrounsefell6j,wwadham6j@examiner.com,qlRv3E
237,operez6k,afreeman6k@xinhuanet.com,alKn3G
238,agallier6l,vyerson6l@aol.com,okYd2W
239,agocher6m,ospaunton6m@spotify.com,pyJo64
240,ggristwood6n,skneal6n@imdb.com,owJz77
241,arosenkrantz6o,dwevell6o@taobao.com,zmVf96
242,rtreleven6p,fbuye6p@google.ca,sgQx2M
243,tbletso6q,fvandevelde6q@state.gov,lvVm2e
244,elabern6r,hsellers6r@shop-pro.jp,fqBj7p
245,gdimitriades6s,adowding6s@weebly.com,bkKm5N
246,phaithwaite6t,measterbrook6t@un.org,ooXq4o
247,wmacgarvey6u,ycoltherd6u@latimes.com,lhUt0r
248,acalendar6v,cduffus6v@arstechnica.com,wcBf9K
249,cmcelree6w,sgruszecki6w@about.com,tlRc5C
250,velvish6x,bwatters6x@chron.com,ohOk7x
251,ngooble6y,sanglim6y@phpbb.com,znAk5B
252,apatkin6z,sriepel6z@free.fr,djOb7D
253,ghapper70,cbeckensall70@dell.com,ryHc1b
254,hbloodworthe71,hsmithen71@phpbb.com,qhXx05
255,xdemschke72,jwandrey72@yandex.ru,ziKu36
256,kpenhaligon73,mbearne73@quantcast.com,jrEm1I
257,mstitwell74,rmacsween74@youku.com,hjXt1a
258,mbitcheno75,gjinda75@hexun.com,nbIl3Y
259,tblacklock76,rtoppin76@usgs.gov,siIn1g
260,tbusson77,crowcliffe77@columbia.edu,zeZb9N
261,fkrier78,fmacgarvey78@salon.com,bjKy9N
262,mthomason79,cdymond79@webs.com,vsYn2i
263,tcarbert7a,nbagge7a@altervista.org,jsCb7R
264,mgoodanew7b,nkarel7b@shutterfly.com,spFe8O
265,bbullene7c,rchina7c@dell.com,bvYt8W
266,aschild7d,blakeland7d@mysql.com,gzPx90
267,jconnew7e,sblaine7e@salon.com,tjBb8u
268,klambertz7f,vcullinan7f@netlog.com,dqWs19
269,nbroadfoot7g,fmcanalley7g@ucoz.com,hjXd9W
270,abeeken7h,dlever7h@issuu.com,mgYo4I
271,overni7i,sstrivens7i@studiopress.com,mgVg3g
272,edaelman7j,jolfert7j@t.co,cjDl4K
273,acliffe7k,dlibermore7k@cmu.edu,yjXr2I
274,chartopp7l,mshiril7l@dropbox.com,vvYg3A
275,ehovell7m,abrodbin7m@amazon.de,ffZp5C
276,syoodall7n,msummerside7n@vk.com,nzVs9N
277,cgrigoryev7o,ipobjoy7o@sbwire.com,zpXp5S
278,lcoopman7p,tbednell7p@jalbum.net,iyEu0t
279,ajovovic7q,nchecketts7q@mail.ru,inOv7A
280,egrubey7r,kbuffin7r@sciencedaily.com,qbIm89
281,jmcausland7s,wbowsher7s@globo.com,rmBz4Q
282,myukhnini7t,eminget7t@senate.gov,yxIl3E
283,esillito7u,mmilch7u@icio.us,idHw9K
284,kallsup7v,ldruitt7v@merriam-webster.com,ghMn4R
285,avivyan7w,rjannings7w@nifty.com,dxFo71
286,bdellenty7x,ebarrowclough7x@bbb.org,elJt9l
287,nweighell7y,jstobbart7y@abc.net.au,ynFk4A
288,dserck7z,afoynes7z@clickbank.net,eeAz1P
289,elipprose80,zbohling80@360.cn,noFv6J
290,ghabard81,gvarney81@behance.net,sgBg1m
291,rlampens82,rtomik82@symantec.com,kjEm1i
292,hfattore83,eyeliashev83@shop-pro.jp,okNd8z
293,sshank84,lockenden84@dropbox.com,fdNa5Q
294,bhancke85,gmiddiff85@chron.com,yjDn2w
295,hkeysall86,toscanlan86@bloglines.com,iqEx6j
296,serskin87,ccalafato87@cocolog-nifty.com,qsHp2U
297,atonkes88,glamey88@msu.edu,cvYa2E
298,mollie89,loldknow89@hud.gov,acVu9f
299,thails8a,htosspell8a@state.tx.us,lrVm2y
300,mollet8b,dwernher8b@fc2.com,yjFr8o
301,pmaylour8c,odarkins8c@altervista.org,izDz34
302,brappoport8d,lbrodley8d@senate.gov,sjJq5E
303,rbichard8e,shattiff8e@nifty.com,jvGn5F
304,gchanner8f,kgirardengo8f@ustream.tv,gjCe6C
305,alooby8g,jlawly8g@alibaba.com,htJm2o
306,bhadfield8h,edoucette8h@theatlantic.com,dpLu9D
307,rsantoro8i,ktyce8i@umich.edu,gyAr3O
308,gpering8j,mrollason8j@bizjournals.com,uuDa4K
309,ahiddsley8k,lbarhams8k@linkedin.com,imVu7R
310,mcesconi8l,idurtnal8l@about.com,peUz0m
311,gbartunek8m,smaccleay8m@biglobe.ne.jp,axHx2i
312,jlauks8n,omickelwright8n@squidoo.com,ilYc4p
313,cmargaret8o,kfriar8o@nydailynews.com,mnBw1T
314,cmusso8p,bbuttler8p@simplemachines.org,wmRc7h
315,lblincko8q,obelly8q@feedburner.com,elHh9h
316,awhawell8r,gcarden8r@utexas.edu,wmDy1k
317,colivella8s,mbinnion8s@bloglovin.com,rgCu9V
318,hfilmer8t,ebulle8t@mlb.com,jtJy4A
319,oglamart8u,kdowall8u@github.io,okIa04
320,rtripe8v,sdubose8v@pagesperso-orange.fr,vnWn1E
321,hmapledoram8w,cpittock8w@imgur.com,njDj5y
322,rdanielian8x,pwaterhouse8x@whitehouse.gov,xiPf2f
323,rakker8y,tbrunning8y@webnode.com,ecFn7V
324,rsenchenko8z,gstrother8z@typepad.com,yrTj1D
325,rduckerin90,broocroft90@xrea.com,khJc2l
326,mbaggott91,bspikings91@irs.gov,bmZr9F
327,mpack92,kdowding92@blogspot.com,ccWz8G
328,ychimienti93,mdeverille93@yandex.ru,dlZs2c
329,rrestieaux94,vbolte94@comsenz.com,cfHr1o
330,cwhile95,jrait95@apache.org,ekDp25
331,mfrostdick96,jdellabbate96@yahoo.com,pkNp3p
332,cpuzey97,stremblot97@google.ru,wzWh4l
333,ftaffley98,ayarnell98@dot.gov,wfNy0C
334,csamet99,ehartford99@mysql.com,csAo47
335,jhorlock9a,tupfold9a@deviantart.com,kjQo9a
336,jshirer9b,dellerton9b@php.net,rvWo7z
337,lstrutley9c,ekolodziejski9c@xrea.com,lhEc3r
338,mmeeus9d,molliffe9d@hp.com,ulSu9P
339,amcmanamon9e,tkildahl9e@earthlink.net,pjQa8W
340,odelmonte9f,fdurie9f@slashdot.org,ptLe37
341,amoggle9g,croughan9g@wsj.com,kjDw5B
342,omckall9h,jbifield9h@feedburner.com,bvQw5h
343,aschlagh9i,lfullun9i@youtu.be,eiNz1W
344,dalpin9j,wwilse9j@mit.edu,ipRi2M
345,wcrolly9k,rruxton9k@utexas.edu,wsLr0m
346,skinnerley9l,fwoodley9l@patch.com,rkOy3T
347,abloomfield9m,sruffey9m@friendfeed.com,glGo2Y
348,gsandbrook9n,bwanden9n@yellowbook.com,cnLx3u
349,cadenet9o,ostoffels9o@java.com,rjKe2t
350,sgibbon9p,adanev9p@ed.gov,nnBd9M
351,lcamerana9q,scamerello9q@facebook.com,jeRv9r
352,ividean9r,wbapty9r@over-blog.com,moRl1m
353,gjones9s,mminchenton9s@oakley.com,fiDb8z
354,rthunnercliffe9t,tsandbrook9t@cloudflare.com,lhWt1f
355,mtansly9u,cconningham9u@pcworld.com,onCn0q
356,sbosence9v,dflescher9v@devhub.com,xnKj3E
357,djury9w,kasche9w@studiopress.com,diSv4L
358,rnockolds9x,joldman9x@google.cn,xaUj6g
359,llangley9y,jshinton9y@cocolog-nifty.com,gsRm0l
360,mchristou9z,dbiskupski9z@elpais.com,otDi4H
361,cglabacha0,agoodounea0@time.com,wsHb5r
362,smonckmana1,ypeschkea1@mail.ru,gmAn2p
363,lholdwortha2,cclema2@marriott.com,jtLv7F
364,awittiera3,qlymbournea3@state.gov,rtZt3m
365,mberkaa4,dsoanea4@squidoo.com,tySf8v
366,mflecknoea5,swilloughbya5@goo.gl,lkAs7q
367,enutleya6,rameya6@army.mil,gxDv33
368,pluttya7,hhalwarda7@shinystat.com,taTf0T
369,msartona8,csnozzwella8@infoseek.co.jp,bqMa8c
370,bbirdsalla9,jchalfanta9@admin.ch,wxMa7W
371,dneighbouraa,dsilverwoodaa@i2i.jp,dtTo4I
372,ccurringtonab,dbalogunab@ibm.com,stXo7q
373,elilbourneac,paxbyac@zdnet.com,pxWu4h
374,nmccroaryad,lwattingad@cisco.com,uaCq7t
375,payrisae,dmearsae@youtu.be,xrOl6k
376,joliviaaf,glenzaf@deliciousdays.com,ghUp8L
377,gcarruthag,hdolleag@live.com,huSe4t
378,asireah,dlintallah@nih.gov,wuBe5W
379,cfifootai,slaurentai@census.gov,jzBb4g
380,dirdaleaj,cspareyaj@yandex.ru,kjVt8n
381,bsollomak,bpadillaak@telegraph.co.uk,apYy2F
382,isetchfieldal,dglazieral@nba.com,qsCg0b
383,apetrescuam,gmacginneyam@qq.com,poVb5e
384,rsilcoxan,agillhaman@cmu.edu,nuJq91
385,aheinleinao,rcatonao@google.it,scVi6T
386,kossultonap,wgotap@adobe.com,ohXu7V
387,icaselickaq,arudgleyaq@booking.com,eqTx3v
388,hcackettar,pgarfitar@nih.gov,ebJt3F
389,sshovelleras,clouedeyas@typepad.com,geGi4v
390,mlilleyat,cdimatteoat@chicagotribune.com,ywMc9w
391,mmckevinau,dpantinau@paginegialle.it,buHs8J
392,lcanonav,ffluitav@google.ca,obPg1w
393,mboyleaw,wfitzsimmonsaw@epa.gov,lpAd8f
394,jpollicottax,mcheakax@skype.com,uqPv92
395,pfiridolfiay,ltuisonay@paypal.com,eaSp8N
396,hhamlingtonaz,cwestmacottaz@godaddy.com,xcCy5U
397,rciccib0,imiddisb0@virginia.edu,ybHm7e
398,alittb1,sclausewitzb1@digg.com,tkSs0a
399,cbarckeb2,hdomekb2@reverbnation.com,pvIo7F
400,eloadesb3,wemanuelb3@altervista.org,wpTh9Z
401,isorbieb4,kbladesmithb4@umich.edu,ecCs4C
402,rhinrichsenb5,mferruccib5@gravatar.com,mrXk9S
403,kstumpb6,csabenb6@jimdo.com,hvTh2u
404,rlandyb7,bdcostab7@ifeng.com,vrRj01
405,hcancelierb8,hgynnib8@msu.edu,gjSq0W
406,edasb9,eblucherb9@nasa.gov,knRh0m
407,rfeverba,dwickenba@scientificamerican.com,anRq9v
408,jdouglassbb,mtilliardsbb@taobao.com,ibIm1C
409,mhummerstonbc,nyushkovbc@engadget.com,ezJs3Z
410,wpetrollobd,bdunbobinbd@ibm.com,krSx1U
411,hoclerybe,dkmicickibe@tmall.com,seGk0D
412,fwisherbf,rjentgensbf@alexa.com,raHc4N
413,ckleinpeltzbg,gmatteuccibg@cpanel.net,veNx4I
414,rhagertybh,rwillisbh@istockphoto.com,nrKn8o
415,agaishbi,tmccrowbi@sourceforge.net,skEn6m
416,omaxwalebj,wwillmettsbj@cnn.com,jqAf5H
417,pchidlowbk,mlittlepagebk@nsw.gov.au,ksGc0d
418,tyakubovbl,ldeenerbl@businesswire.com,hwHy8Z
419,mstrattenbm,dhovingtonbm@cnet.com,gcTg1O
420,cdicarlibn,cwissonbn@lulu.com,wvYj4P
421,bcawdellbo,hvanderweedenburgbo@youtu.be,yqKx3c
422,ddoddingbp,gringebp@ning.com,dkMd4O
423,dpugsleybq,acreenanbq@cbc.ca,hgUx3L
424,ichittembr,deirwinbr@goodreads.com,wrJw3E
425,bracherbs,rgorewaybs@qq.com,ocZi4Y
426,mdjurisicbt,szelakebt@sakura.ne.jp,dzOz6H
427,fsauntbu,blunkbu@indiatimes.com,bgBj6L
428,bcruisebv,ldevinbv@walmart.com,kbUk1F
429,srowlattbw,bjozaitisbw@tamu.edu,yzSe9r
430,rburcombebx,thinschbx@ameblo.jp,sgRo9O
431,kbrotherhedby,dchermby@ucsd.edu,ruHc4P
432,tbuckokebz,mmarlandbz@163.com,ltCu6H
433,alyddiattc0,mwaterc0@storify.com,jaUc3O
434,vlosebiec1,agrimmec1@ezinearticles.com,ypSh9q
435,gwarrickc2,lmccullouchc2@comcast.net,bjXw3W
436,cwhitleyc3,ceckersallc3@slideshare.net,pnZa9F
437,rfreshwaterc4,coddyc4@woothemes.com,llIw0I
438,bdwyerc5,khorleyc5@arstechnica.com,vmEe8s
439,akitsonc6,wmcterrellyc6@bluehost.com,lxTz2u
440,afurleyc7,kbalhatchetc7@wikia.com,epQo1I
441,mhurlinc8,adelgardilloc8@github.com,vhWr5e
442,sshildrakec9,rovanesianc9@china.com.cn,hiMv5w
443,gsummerlyca,tspellacyca@rambler.ru,bsKy5e
444,fstillingcb,rarlowcb@sogou.com,duRt91
445,mberzonscc,ecordellecc@sogou.com,xiGe1v
446,yguppiecd,cheeleycd@hp.com,qvFz5H
447,sbullence,lhazzardce@a8.net,wkWu0c
448,bwheelancf,pbaroschcf@boston.com,zcDh52
449,mfeldhuhncg,cdunkertoncg@dedecms.com,vvFe9n
450,aroddach,rhargeych@cloudflare.com,epUh4E
451,bglideci,ctrudgeonci@canalblog.com,jvPb6E
452,kstribblingcj,scolquytecj@army.mil,reJx9B
453,wbuxcyck,gcampagneck@51.la,noLi8k
454,cphantcl,zjacquestcl@feedburner.com,udSe52
455,llittlechildcm,mrickerdcm@desdev.cn,wsRt2L
456,cchapellcn,cbellardcn@elpais.com,bdBt1g
457,mbardillco,istareco@pcworld.com,ccCh7h
458,tgrigscp,rgrimmertcp@blog.com,wqTs9c
459,gflinncq,krichtcq@alibaba.com,iaKm9q
460,ejohansencr,egilmourcr@bloglovin.com,flHp2m
461,aharburtsoncs,mtoppascs@tripadvisor.com,pvYz0Z
462,abalconct,bleddyct@pbs.org,srEb7q
463,jgianolocu,evernycu@blogtalkradio.com,riGc0W
464,mmanescv,ddoonecv@list-manage.com,siEg7j
465,aplitzcw,fcawkillcw@samsung.com,lnHj36
466,tlangsdoncx,rthorndycraftcx@uol.com.br,qqOk37
467,llarbycy,jtuftscy@cdbaby.com,srUh0p
468,mboulstridgecz,mtraylingcz@blinklist.com,vuJb5W
469,bonowland0,cmalliad0@disqus.com,gfPj2d
470,kmaundd1,abrothersd1@reddit.com,vqZx2r
471,dlefevred2,kboecked2@house.gov,yoHr6J
472,cgiacomozzod3,agristwoodd3@edublogs.org,cqLz35
473,aedinborod4,ahaversd4@bloglovin.com,joMl1t
474,smcclaughlind5,jriseboroughd5@dion.ne.jp,vwKn32
475,eocloneyd6,aarbond6@techcrunch.com,bfQw3A
476,rpowelld7,btregunnahd7@springer.com,frDg9F
477,hbehrendsend8,ckeird8@blinklist.com,jxOz7l
478,apetrazzid9,ctyremand9@gizmodo.com,nmPq11
479,mbrettonerda,cpursegloveda@shareasale.com,fvWg3h
480,dinddb,eguddedb@cpanel.net,agHl0i
481,bbarrsdc,ilaughreydc@nationalgeographic.com,gmXp7M
482,bmitchensondd,hjannequindd@google.com.au,miMf5K
483,closekede,dbramptonde@odnoklassniki.ru,tvGp4o
484,fbaverstockdf,mculshawdf@bravesites.com,zaXq8X
485,hdarrachdg,cgiddydg@pcworld.com,ssTq4R
486,ssteagalldh,fmackeaguedh@quantcast.com,syQg2I
487,dgellertdi,anultydi@whitehouse.gov,irJj9H
488,cwhittadj,eburnagedj@goo.ne.jp,gkDc96
489,egradleydk,eathowedk@guardian.co.uk,gwPi0X
490,bhowiesondl,gdanforthdl@friendfeed.com,pxOq1I
491,pmogenotdm,scrosierdm@seattletimes.com,suZj2T
492,hmccalisterdn,tedmeadesdn@bloglines.com,pkLo1X
493,wdightondo,apinkertondo@ocn.ne.jp,lxRq8H
494,calexanderdp,ehanbidgedp@businesswire.com,fnEh7u
495,shalliwelldq,atomasekdq@taobao.com,ljJt5P
496,jscurreydr,gshearstonedr@flavors.me,vhIg5E
497,cperllmands,jgravenallds@free.fr,usOa7e
498,adandt,nmacheldt@ebay.co.uk,xwCx1h
499,cphilpindu,etenneydu@opera.com,knYm29
500,wlapsliedv,vsnowsilldv@mapquest.com,adAn9s
501,mtuckiedw,aparcalldw@epa.gov,iyQj7c
502,dpittendreighdx,ejollandsdx@cnbc.com,ccOe0R
503,dosherrindy,hwilcockedy@theglobeandmail.com,jhSc8W
504,adillestondz,mhathorndz@surveymonkey.com,qjYc2c
505,rhaslehurste0,gcarrette0@businessweek.com,phVk8q
506,loxladee1,itoughe1@omniture.com,zpDe10
507,pdinningtone2,ghansburye2@wisc.edu,hjBi6k
508,ewornere3,dschmidte3@infoseek.co.jp,dlPu4M
509,shatricke4,sranklinge4@51.la,ffCh38
510,bfisbburnee5,crowete5@meetup.com,dmXu4h
511,fbeavise6,nbaughane6@feedburner.com,smUj4J
512,dbuntone7,emoorhousee7@oakley.com,yjAt1n
513,dthone8,blongfute8@yahoo.com,bkUq5v
514,aphilippe9,rkurtene9@barnesandnoble.com,rcXn7M
515,mrosengrenea,kmcavaddyea@fc2.com,paNi6r
516,plindblomeb,asaintsburyeb@creativecommons.org,ylOm36
517,aselwyneec,luzelliec@businessinsider.com,pfWs3n
518,gleestuted,ddollmaned@elpais.com,owLs9M
519,jlunbechee,slaffordee@t.co,stAg3C
520,wperingef,jhackforthef@youtu.be,gjYm6r
521,gtroddeneg,atanslieeg@rakuten.co.jp,dmNo2R
522,pstoffeleh,ecallendareh@senate.gov,jmCk5t
523,dgreenroaei,yattreyei@hhs.gov,heVu9H
524,sgooddieej,rjamiesonej@stumbleupon.com,orHl6G
525,ljakoek,bpetrolliek@vimeo.com,bhCi3P
526,dcogleyel,egommesel@arizona.edu,xrKh91
527,ahendriksem,ajessupem@japanpost.jp,krVp37
528,mskowcraften,dhaggathen@opera.com,fyQs8a
529,jtrebilcockeo,drosenfeldereo@imageshack.us,lbPh1m
530,syaninep,abourdisep@com.com,saAg8l
531,emarkeleq,dgerglereq@quantcast.com,tnIs0g
532,uchadbourner,cgilfillaner@yolasite.com,mbCz2G
533,jdanettes,creadwines@virginia.edu,uyWm76
534,fcosteret,hcorket@mediafire.com,gxEg69
535,mkubyszekeu,omaccaheyeu@wp.com,ksGr0z
536,gdummerev,tbremeyerev@weebly.com,rvJa59
537,rnewissew,nlghanew@forbes.com,uqVr6l
538,eyakubovicsex,btolomelliex@cpanel.net,ylJv0q
539,jvasentsovey,chabberjamey@fda.gov,mvVy4n
540,squarrellez,sharnesez@mayoclinic.com,tfWw9O
541,jstrutleyf0,askerrittf0@ox.ac.uk,mfDr94
542,kgovernf1,mvealf1@twitpic.com,vfKe9x
543,pbatramf2,mstedallf2@odnoklassniki.ru,gzMm7J
544,kiorif3,cewingsf3@usatoday.com,thZs7D
545,medmeadf4,ksharramf4@oaic.gov.au,diIr9n
546,ddemangeotf5,lhawesf5@pinterest.com,oeVe8U
547,fryalf6,rhartmanf6@opera.com,dlLh6k
548,ayeudef7,clevensf7@1688.com,xpWt8n
549,mberardf8,agheeorghief8@dropbox.com,mjIv4u
550,gbernardesf9,npauluschf9@patch.com,toGg8R
551,rwallegefa,dhowlettfa@merriam-webster.com,fvTh2v
552,tliasfb,gstrongefb@themeforest.net,eoSc2Z
553,jbockfc,rchallesfc@google.com,swTz5a
554,jhainsfd,sinkpenfd@howstuffworks.com,eqDz9a
555,psmogurfe,gabelafe@guardian.co.uk,keSf59
556,lgabbitasff,sdominiciff@shop-pro.jp,bkAi1v
557,aalbuttfg,sbeerntfg@pagesperso-orange.fr,wvXi21
558,lwalklettfh,solechfh@mediafire.com,yjOc7M
559,kmuskfi,ppaulackfi@lulu.com,ooUg7c
560,dgiacopazzifj,mdeasonfj@soup.io,blKr7a
561,sarlidgefk,stravesfk@last.fm,mlVn78
562,bdaveyfl,rbradbeerfl@blogspot.com,pvCa6Z
563,larnfieldfm,esierfm@cafepress.com,ttWd4t
564,bmucklefn,bkarpushkinfn@marketwatch.com,nvBi1b
565,djobesfo,lmckerleyfo@china.com.cn,ahLp5i
566,rwagenenfp,eolcotfp@nbcnews.com,dzMz5s
567,dgiacomuzzifq,tdreverfq@phoca.cz,ghBb53
568,kcorbinfr,mmcsheafr@istockphoto.com,gwAp33
569,kjohannesfs,cmousbyfs@sakura.ne.jp,btVv4p
570,wmilierft,praggattft@cdbaby.com,ojDc1g
571,bgillottfu,jworviellfu@github.com,noIx3O
572,ayoungsfv,lcometsonfv@de.vu,bcZo6c
573,nlarivefw,mgethingfw@sogou.com,ooZb5R
574,gsurridgefx,upaolofx@wiley.com,ecCi14
575,dcabenafy,ebonellefy@jigsy.com,uhVv7D
576,kadaofz,dpenhallurickfz@slashdot.org,zuCv3s
577,wreithg0,lterrisg0@comsenz.com,gmTi4A
578,yevangelinosg1,jiskowerg1@facebook.com,yxYf4I
579,ggrahlg2,acayg2@amazon.de,hlKy6y
580,dflintiffg3,fsenecauxg3@irs.gov,nxSa4N
581,cisaaksohng4,stesdaleg4@blinklist.com,soEk8T
582,bdarkinsg5,hdockrellg5@wix.com,lyIj9D
583,shumphreyg6,lbeachamg6@shutterfly.com,iqWh0m
584,cmaceyg7,bfirbyg7@diigo.com,nvQb5S
585,ccastanedag8,geadyg8@livejournal.com,ygDl2Y
586,kcansdallg9,gbroug9@gizmodo.com,bjOr4p
587,hgarroldga,rcrutchleyga@cbc.ca,hyZm9y
588,lsavinsgb,bbummfreygb@salon.com,ryYr1j
589,lwilsheregc,aegelgc@sun.com,kaCn5w
590,rpurbrickgd,iduchennegd@imageshack.us,wtKg7e
591,sargonttge,hmesserge@symantec.com,fdNj2E
592,cpachmanngf,dnoblegf@over-blog.com,oqXi5R
593,hmapledooregg,gstenynggg@apache.org,eqVm2t
594,gyulegh,hgoulbornegh@imgur.com,joNc8f
595,thamshawgi,rmiltongi@networkadvertising.org,ykUm6h
596,jayresgj,hcrigingj@nydailynews.com,pvYa3L
597,jbouslergk,mkinnochgk@sun.com,gaHk6w
598,blarmorgl,gkornilovgl@reverbnation.com,ykQq1r
599,ltokellgm,tdrexelgm@dell.com,ppKm68
600,umetcalfegn,rbadengn@sun.com,dyAg6N
601,gdyballgo,rhowkinsgo@devhub.com,noFb8G
602,bmeakingp,tkeightleygp@cnet.com,ivLm8H
603,dgostickgq,wgibbsgq@joomla.org,pdEc9S
604,rmuzzinigr,abrackleygr@t-online.de,bqUa44
605,bfarlambegs,wfyndongs@surveymonkey.com,xeBc5G
606,syorstongt,afettiplacegt@usnews.com,wrGt6l
607,zmaxworthygu,tcawdrongu@1688.com,prFu0M
608,ibradfordgv,acallinghamgv@stanford.edu,akUj9e
609,dyvengw,rmccourtgw@nsw.gov.au,frPt7w
610,ebutterlygx,gantonijevicgx@accuweather.com,arXl0J
611,bsirrellgy,dpetofigy@globo.com,lzFe48
612,eimmergz,pguiugz@fc2.com,auVf4f
613,kbauerh0,mgiovannaccih0@springer.com,cyCy8Z
614,agiorgiuttih1,prottgersh1@baidu.com,ffLz6Z
615,sduffetth2,vbonelleh2@baidu.com,yoIj54
616,mflecknoh3,rprynh3@hibu.com,tpLb8z
617,seuplateh4,ovandecasteleh4@exblog.jp,wiLi9S
618,bcrallanh5,abywaterh5@simplemachines.org,teBt64
619,ddobingh6,smordeh6@g.co,ciEf0z
620,hnindh7,cpadleyh7@freewebs.com,ajQp3W
621,slongriggh8,ecroisierh8@sun.com,giYn0U
622,mjoiceyh9,tklementh9@epa.gov,gxAy0s
623,tbourdelha,mlahiffha@wikispaces.com,gyKq8x
624,sblibenhb,lgraveneyhb@bigcartel.com,roXu23
625,hcinohc,egutteridgehc@netscape.com,pcFg9x
626,cdeancywillishd,mbowlandhd@tinypic.com,cuWg1P
627,ajeffelshe,sbywayhe@state.tx.us,whWu7g
628,rcreamhf,rfountianhf@prlog.org,ljZr2f
629,eduerhg,rclivehg@mapquest.com,cvVw3A
630,vphipardshearshh,henockssonhh@weibo.com,noZa01
631,rhowroydhi,sdeshortshi@multiply.com,mjLj8l
632,ctevelovhj,bigohj@about.me,lnBo8c
633,edunstonhk,rredolfihk@ucoz.ru,nvWc88
634,pmossomhl,tvasyunkinhl@sciencedirect.com,dyEv1S
635,tmaymandhm,dhoxeyhm@craigslist.org,wfQn7w
636,cdoolehn,sboydellhn@who.int,yvEt7w
637,gpedriho,fheidenho@linkedin.com,kiId7m
638,mrancehp,lkemmonshp@umich.edu,rmGj4h
639,bedlynehq,dkerfodhq@berkeley.edu,doOq1a
640,dhickinbottomhr,lclealhr@huffingtonpost.com,gqBv97
641,qdenisohs,tgorihs@amazon.de,wrRe4j
642,bdonnellyht,fcarlisiht@1688.com,kxPn0M
643,mmackimhu,gkareshu@shutterfly.com,jpAw00
644,efinanhv,elovedayhv@cam.ac.uk,oeLq9h
645,adalleyhw,skahanhw@vinaora.com,fdAu6Q
646,ewenzelhx,kclearehx@theatlantic.com,tvEh4S
647,gpharehy,sleonhy@omniture.com,trVc8X
648,nesliehz,ckurtishz@ucla.edu,qsLx4F
649,glonergani0,dkiesseli0@opera.com,xhYn8L
650,estammeri1,nbelloi1@people.com.cn,zcYi58
651,asandsallani2,amallalli2@wired.com,oeWq2u
652,syaldeni3,gdreghorni3@webeden.co.uk,ddJa4X
653,tculweni4,egirodieri4@goo.gl,cxLi2s
654,ldeathi5,sroperi5@google.com.br,nyKb8f
655,gjoslingi6,ametsoni6@wikimedia.org,cjKk6s
656,jraggitti7,dimeseni7@mtv.com,lkTi7s
657,nklussi8,mcooplandi8@theatlantic.com,azUk6K
658,skeldi9,bfilimorei9@furl.net,hsXt5N
659,bkainia,vhensmansia@bravesites.com,jhJm7y
660,malleryib,tkobusib@sphinn.com,fgYg5t
661,ldumingosic,rroseamanic@so-net.ne.jp,btRb4y
662,amccarneyid,mhindmoorid@blog.com,jsGh8L
663,umaffucciie,khastlerie@shinystat.com,pkAh9C
664,jfrederickif,dleishmanif@virginia.edu,nsUw9o
665,esislandig,dfrohockig@army.mil,hyAh5n
666,slorrymanih,hmuckleih@vinaora.com,vjPx8S
667,fwashtellii,ebattertonii@flickr.com,lrEr40
668,wduckfieldij,estrowanij@paypal.com,idBx42
669,awoollinik,mmckerronik@usda.gov,tvAt3U
670,jmacneachtainil,pdivallil@newyorker.com,iiWu3H
671,scarleim,neasonim@wordpress.org,raGj5R
672,cbourin,kmcdouglein@feedburner.com,exIo76
673,fquiggio,htullettio@java.com,oxJx0i
674,rgreggorip,pcarruthersip@mysql.com,xjDg7f
675,ytoothilliq,rlehrmanniq@state.gov,wpLg12
676,plongriggir,sgoodleyir@paginegialle.it,fnEk3u
677,cfellosis,ccashleyis@zimbio.com,qaKb33
678,hfabbriit,dfodenit@ovh.net,gnKr7m
679,ssnaithiu,reverilliu@liveinternet.ru,ezPw5U
680,jkolyaginiv,mscareiv@vimeo.com,ytHb1F
681,jassadiw,lgrinyeriw@sun.com,mjGt2s
682,gdeernessix,jirceix@nih.gov,iuOh6j
683,jspurriariy,tfakeiy@cafepress.com,taZp6S
684,santonelliiz,mmisseniz@1688.com,kfZr4l
685,ddalesioj0,gkamienskij0@themeforest.net,ruSf0r
686,pgeorgerj1,vdunksj1@stanford.edu,jyQp3i
687,eruberyj2,fjarayj2@yelp.com,qaUm6d
688,mcornj3,btwopennyj3@princeton.edu,tiNl5p
689,aholywellj4,chedditchj4@hibu.com,kcUt02
690,battreedj5,hscroytonj5@infoseek.co.jp,eoPm6J
691,kglentzj6,hcoyshj6@gizmodo.com,vwYp5j
692,idagnallj7,ccawdronj7@over-blog.com,qqYd90
693,kpietrasikj8,sdossantosj8@1688.com,edCa8Q
694,tgilderoyj9,cdarbonj9@icq.com,waTg2U
695,krouffja,ncoldbatheja@wsj.com,leHb7y
696,fchessumjb,ukolodziejjb@un.org,nhKa5O
697,dsichajc,kkneaphseyjc@huffingtonpost.com,cxNg6J
698,aingonjd,lcoulsonjd@blogger.com,dtNm5O
699,ebecksje,ddixonje@github.com,llZl1Q
700,cfarrahjf,laddekinjf@ebay.com,ccTf7x
701,vhischkejg,apashbajg@epa.gov,naMm2A
702,sesslementjh,rkittlejh@de.vu,hfBv4u
703,llocksji,dludlemji@howstuffworks.com,nlGq4Q
704,osodojj,dmccuthaisjj@java.com,xmWz8W
705,asinncockjk,rrobbjk@sakura.ne.jp,myLj8Q
706,sclausjl,vpatronejl@mac.com,pjHm1Z
707,gtriggeljm,cwynessjm@godaddy.com,fxEc9g
708,amcgiffjn,wjahnischjn@vinaora.com,iqRr88
709,xwawerjo,amarquandjo@rakuten.co.jp,hxMd6j
710,tmarienjp,dbambridgejp@fastcompany.com,wvJz19
711,spannettjq,eaimericjq@apple.com,anKb9X
712,aparnhamjr,dchawnerjr@last.fm,zyJz5D
713,jkitherjs,crogerotjs@example.com,suMn1s
714,hdruryjt,sblackmoorjt@imdb.com,nqVi8O
715,agarriqueju,bchattelaineju@pbs.org,xrBr0u
716,rharrisjv,hmaxtedjv@ebay.com,esKv7Z
717,mbalderyjw,agyppesjw@printfriendly.com,awVd1G
718,wbeynknjx,cshackletonjx@cbc.ca,gfBa0I
719,ykyrkemanjy,pbrendeljy@weibo.com,dqTg7c
720,atriggjz,lmaysjz@dyndns.org,mnYi4I
721,ktallquistk0,ebrightwellk0@live.com,bmUu7V
722,mrubinsaftk1,cormondek1@prlog.org,xuZh64
723,bmckevanyk2,fheseyk2@dropbox.com,hhXz9E
724,eginglesk3,tthomasenk3@chronoengine.com,uePg5Z
725,mgarrk4,wyardk4@diigo.com,yjUv9a
726,mcostark5,sgillowk5@salon.com,cqCf3n
727,leskriggk6,jshoresonk6@pen.io,dwEf69
728,cmoohank7,vcheccik7@naver.com,hfAu8A
729,aarnelyk8,dephsonk8@usgs.gov,itQv8j
730,fmiddlehurstk9,ndewersonk9@rambler.ru,eaAf7i
731,shollingbyka,sdefondka@w3.org,mmWz5M
732,vtoekb,hjagerkb@bigcartel.com,jqZx30
733,gblisskc,adefrieskc@slideshare.net,rjPg83
734,sfullekd,lbrockbankkd@t-online.de,xmYj8e
735,gheasleyke,fcowernke@bloglines.com,jsKl9v
736,mfindonkf,mmcmeartykf@csmonitor.com,gbCi7p
737,sinnocentikg,mjaeggikg@altervista.org,wgKt0f
738,mseabonkh,efeckeykh@spotify.com,lyFp5u
739,pjekyllki,cphilliphski@histats.com,vwTd16
740,bbeasleykj,ctunniclissekj@buzzfeed.com,exPu5G
741,sdiglekk,smccreedykk@salon.com,kvEp8s
742,tokerinkl,sbhatiakl@wiley.com,wnRw9M
743,mduckerinkm,gmanklowkm@squarespace.com,qcFd32
744,psnelgrovekn,kmcconnalkn@mlb.com,aaDo0o
745,amatijasevicko,bteasdalemarkieko@cornell.edu,rvIb9o
746,jhookskp,wbreddykp@godaddy.com,azJz4m
747,cburgumkq,sscowenkq@photobucket.com,kiBl1t
748,ldohrkr,pgatuskr@wix.com,qhEi7f
749,lavrahamoffks,swaddicorks@linkedin.com,lsTw6R
750,rvouleskt,jmalpaskt@delicious.com,okIb9O
751,glidierthku,anearyku@ifeng.com,wwIj2i
752,fcandiekv,blaverskv@hp.com,lsKj0Y
753,jtollitkw,tciccettikw@yellowbook.com,euTu5n
754,thileykx,ncosinkx@4shared.com,rfTa6N
755,dkeartonky,bbresnerky@istockphoto.com,noHo3T
756,dmcfadyenkz,smessierkz@who.int,szRv6J
757,amacgraghl0,rattwelll0@free.fr,zxWc8f
758,ehirtzmannl1,imelsomel1@wikipedia.org,tyAb59
759,hcatlettel2,halessandrinil2@google.com.hk,ofBq9p
760,rpaddemorel3,kshavesl3@prweb.com,onLv47
761,chawneyl4,wsentonl4@sogou.com,tmAs7U
762,henricol5,clearmonthl5@amazon.co.uk,miBe89
763,vfrisdickl6,ghanstockl6@ovh.net,arIa8e
764,vmcdilll7,jbricketl7@bloglines.com,bhPe9p
765,rcotsfordl8,cchristescul8@ibm.com,htWs3a
766,flambertil9,ckneel9@ed.gov,cwBj47
767,tmccaughranla,htyriela@yale.edu,leQy2A
768,abrissendenlb,dkornackilb@nydailynews.com,vaFq4b
769,kcouronnelc,dcorroyerlc@google.ru,fqRn4C
770,msentanceld,vventrisld@si.edu,wqWm06
771,smalonele,vrutterle@scientificamerican.com,vjCh84
772,pbalcocklf,ncheccilf@nationalgeographic.com,oaAr6G
773,gpopeleylg,westcotlg@bizjournals.com,uiTj9g
774,etorrentlh,jadolfsonlh@csmonitor.com,lrIb5r
775,mclacli,mghidottili@nytimes.com,snPm2d
776,gswiftlj,aredwinlj@yahoo.co.jp,yjBh2J
777,dgladinglk,kperrinslk@telegraph.co.uk,puEj6P
778,mklimkinll,amclellanll@yahoo.co.jp,izVx0e
779,ohuettlm,bsothernlm@webeden.co.uk,crYt3V
780,fwasbroughln,sdyballln@ft.com,unTt7a
781,bmcamishlo,vbodkerlo@trellian.com,pdEb4N
782,ddunnlp,dshortolp@nps.gov,yfAt92
783,jlivseylq,wleprovestlq@adobe.com,pxWz1p
784,wlegatlr,darnopplr@amazon.com,ceLi0p
785,ajanecekls,fkentishls@spiegel.de,rhZd0y
786,jcufleylt,bdalrymplelt@cornell.edu,gmVg4S
787,kreillylu,trameletlu@paypal.com,nmGe33
788,dhibbartlv,kbraitlinglv@shop-pro.jp,jyYo5k
789,spatientlw,modoireidhlw@yahoo.co.jp,rgYf2U
790,mkarlolaklx,mbomblx@friendfeed.com,yyQi5i
791,npieterickly,iledwardly@earthlink.net,caVl8r
792,gfrankelz,ogoranovlz@addthis.com,ohNz90
793,jpittetm0,agilksm0@netlog.com,krBt01
794,apinelm1,qlameym1@sciencedaily.com,nvIp4o
795,jdownsem2,scutbirthm2@springer.com,thCr10
796,dgentirym3,wrichardm3@eventbrite.com,jmFz8s
797,hbizleym4,oprattenm4@phpbb.com,jdPs73
798,smasserm5,zmecchim5@ameblo.jp,vpKt3Z
799,mbentamem6,mkerridgem6@soup.io,ljLx7D
800,egaishsonm7,lgladtbachm7@imageshack.us,rbCq8d
801,ceytelm8,rvincentm8@businesswire.com,zhCk5y
802,msnodingm9,italbotm9@nsw.gov.au,qlSl2G
803,bpagelsenma,rrishworthma@mashable.com,vjJo8G
804,gspinasmb,djanochmb@google.ca,pfTo2C
805,jfreegardmc,jknudsenmc@sfgate.com,ylTs6B
806,cantczakmd,fhawsmd@google.com.au,kyVz3G
807,belrickme,mallensonme@archive.org,hjKn9R
808,jstrathernmf,wgowanlockmf@usa.gov,tbAf0V
809,oalbasinymg,ostanbramg@statcounter.com,fiEq3n
810,bstyantmh,tstolbergermh@google.pl,fdZo7V
811,mmcterlaghmi,gwatermi@vinaora.com,okDf6Z
812,gedardsmj,sdelucamj@macromedia.com,gfRs3M
813,bcamerellomk,dbalstonemk@gravatar.com,irYb9h
814,gmcgennml,akilmasterml@unicef.org,ynCb8C
815,mdulingmm,chaysmanmm@printfriendly.com,feCy4g
816,jbassettmn,aburgwynmn@chicagotribune.com,adTl2h
817,acurrommo,bnasimo@themeforest.net,wcCj9a
818,dganniclifftmp,rkennermp@xinhuanet.com,gtYu3p
819,lsprullsmq,hspringthorpemq@comsenz.com,cdDc7z
820,ldankersleymr,criseleymr@technorati.com,gfZe4G
821,amiskimmonms,vshannahanms@yolasite.com,tdAb6u
822,bpittolimt,wmellingmt@google.pl,blNy8e
823,fdotterillmu,tsichamu@stanford.edu,lnSv6C
824,ggarbettmv,jfoulismv@usa.gov,khOo2d
825,apayntonmw,mcholertonmw@nih.gov,rqVd3Y
826,bclandillonmx,fovendenmx@tinypic.com,rzYn1l
827,ghallettmy,cpeersmy@ebay.co.uk,kdSp0z
828,rsegotmz,jbramontmz@howstuffworks.com,ujSq1V
829,rrihan0,mchinnickn0@4shared.com,loJm00
830,ksobeyn1,cleijsn1@discovery.com,kzJe6F
831,klaydeln2,wwagenn2@mozilla.org,rpRt16
832,jcowlingn3,jdukelown3@cbsnews.com,bjYc8M
833,fdimelown4,abickerstaffen4@miibeian.gov.cn,tyZs9O
834,swillsonn5,fabramskin5@spiegel.de,kpAs3f
835,cliteln6,tdrewittn6@yandex.ru,vuGz6n
836,gmccrackemn7,rpadberryn7@eepurl.com,nqVo4J
837,ithomtonn8,renstenn8@foxnews.com,ipQp8m
838,mmanthorpen9,kglamartn9@foxnews.com,rbOz16
839,lshakeladena,dbraundna@shinystat.com,mhRy1O
840,kbowienb,aclurownb@ning.com,jwBa03
841,rcroosenc,bportressnc@mlb.com,jwLj9t
842,mcescottind,mblackmorend@yolasite.com,hvQv7O
843,jgrattenne,tstrathdeene@reverbnation.com,poZz9J
844,zjiraseknf,mduffnf@abc.net.au,ucIu4L
845,bdorkingng,maudusng@tamu.edu,nqJj38
846,wwelberrynh,lmacgaughienh@addthis.com,bhRc6z
847,rmoreni,slingfootni@businesswire.com,woAa5p
848,amccanenj,afranzettoininj@prweb.com,kdCa3R
849,skilmisternk,mwalshamnk@ucoz.ru,nlIl3c
850,kdumbrecknl,dcowernnl@xrea.com,fvXn5H
851,korgeenm,kbaroschnm@edublogs.org,jnCn4R
852,jbuyenn,tlandellnn@examiner.com,xtJb7Z
853,dcreavinno,dfranzkeno@blogtalkradio.com,dvSk9m
854,rheckneynp,dfrancisnp@google.de,euXp36
855,dirdalenq,fbookernq@google.ru,cxPo26
856,rtynenr,icheeknr@google.com.au,onOd2i
857,fpresmanns,nhuckabens@mysql.com,yhDs0F
858,gdowningnt,dgeldeardnt@dyndns.org,gxUa2Q
859,cpatinkinnu,atibbsnu@e-recht24.de,lbKm1S
860,mcamerellonv,jkitchenmannv@lycos.com,obNy4f
861,arochewellnw,estubbinnw@latimes.com,jdDc9X
862,lnelthropnx,jmichenx@goo.gl,dvIa66
863,qeastbrookny,powtramny@spotify.com,pqHz7w
864,ttapsellnz,dspurettnz@tinypic.com,hgMb0O
865,dofarrello0,fmatieuo0@tmall.com,fzTx8h
866,ddequinceyo1,fborsio1@tripod.com,pxGd2q
867,adanieloto2,ntortoishello2@samsung.com,ugCd8v
868,rupexo3,lparkmano3@issuu.com,ixQd1G
869,dknighto4,amaphamo4@cisco.com,jcUj2w
870,acheavino5,cdrinkaleo5@toplist.cz,zsJi5q
871,lkestiano6,rcayleyo6@howstuffworks.com,amFa5S
872,gfurnisso7,gdurno7@feedburner.com,cnVh0v
873,oprantlo8,tpoyntero8@techcrunch.com,bvLy3F
874,mdellcasao9,btrenemano9@prweb.com,pbUu28
875,ethongeroa,eoffordoa@posterous.com,pgEx5b
876,bdundonob,oosullivanob@bloglovin.com,exLe8z
877,ktibbettsoc,amorteloc@sourceforge.net,ieTf8n
878,mantrumod,hvaninod@europa.eu,tdKh3T
879,vcourtliffoe,sschwandoe@gmpg.org,kiQp3D
880,mparksof,rdantoniof@nydailynews.com,qbWv25
881,rkeelanog,nrevingtonog@yellowbook.com,bhWa0u
882,gmillandoh,aedmundsonoh@washington.edu,jsGo34
883,groisoi,cdownieoi@nifty.com,lzKu9K
884,lshelmerdineoj,dcolpusoj@ed.gov,jhKt3n
885,cwilberok,mfountaineok@privacy.gov.au,gmNu0q
886,dfairhamol,hfarrandol@google.co.uk,ytKt2R
887,dbaseyom,aellesom@macromedia.com,jnQr2m
888,lclisson,wlineenon@exblog.jp,kcHs5R
889,bnorcliffeoo,caspalloo@networkadvertising.org,heZg35
890,tdiclaudioop,lgullifantop@arizona.edu,mmCo0u
891,hwaszczykoq,arahlofoq@marriott.com,tyMt9k
892,mcordelor,dattwoullor@vk.com,gyRp5L
893,bmcgennos,npiseros@1und1.de,bjBq73
894,sleamonot,gjaycockot@photobucket.com,dhJq8f
895,scarrollou,agraeberou@acquirethisname.com,enVj1j
896,aklaaassenov,tfendlowov@creativecommons.org,dnTt5U
897,kfirbanksow,vfitzharrisow@abc.net.au,isBi5b
898,estainlandox,dvernonox@flickr.com,soAh5E
899,lkibbeyoy,wabramowitzoy@unicef.org,fmYd0n
900,jworksoz,sesselinoz@jigsy.com,pkSf8U
901,rcatterillp0,bkumarp0@house.gov,ziUf0i
902,mbashfordp1,ubraybrooksp1@prlog.org,pfJx8h
903,kkainp2,gdarellp2@techcrunch.com,ymZp9H
904,ccordelettep3,klangthornep3@blinklist.com,ldWn8X
905,mmarnanep4,hknibbsp4@ucoz.ru,gdXq7R
906,ajedrzejczakp5,poliviep5@cdc.gov,ixOa6a
907,emaletrattp6,ncleetonp6@networkadvertising.org,qwFx8M
908,nriggp7,rmoylanp7@blogtalkradio.com,lzQs09
909,kkalischp8,rkilgrewp8@free.fr,yoIh5F
910,dwigmorep9,lrotterp9@walmart.com,fbIv8C
911,hadshedpa,wnettlepa@intel.com,vwPq7x
912,aglandpb,ariggottpb@list-manage.com,gnZf5E
913,mricoaldpc,tjanuarystpc@myspace.com,rbVu5N
914,ycraigheadpd,fknowlyspd@google.cn,rfXr4H
915,pkayleype,psaffinpe@google.ru,alWc7R
916,cephsonpf,dpickoverpf@buzzfeed.com,jzRv1S
917,cwillimontpg,bbrugmanpg@baidu.com,jvKh3P
918,vreeseph,sdaughtonph@fc2.com,alWv81
919,lkrebspi,dtallispi@latimes.com,vqZa2u
920,wbehneckepj,cchezellepj@ca.gov,ntTf58
921,omcgallpk,ndursleypk@google.es,gkMq4a
922,aspackmanpl,bpietraszekpl@photobucket.com,lmYr3D
923,qemminspm,nmeritpm@squarespace.com,zyPm20
924,lboggishpn,lfelippn@dailymail.co.uk,ppYr9p
925,develeighpo,aianizzipo@redcross.org,kaGk9s
926,pnuttallpp,fmarciekpp@google.co.jp,biQt1Y
927,mdwightpq,pmussettipq@woothemes.com,guQi2g
928,gduffriepr,mbircherpr@weibo.com,kqSk6Q
929,lclaremontps,ccostellowps@imageshack.us,kdTl1K
930,jstellinopt,klawleypt@berkeley.edu,ydOi8b
931,mmccarterpu,pnicklinsonpu@homestead.com,zkBu8v
932,rpaolozzipv,jlunnpv@cpanel.net,zsYx9Q
933,aricartpw,vklambtpw@myspace.com,hfYn7g
934,fleworthypx,bhastonpx@mozilla.org,fxAq1S
935,tfoldpy,mvivashpy@live.com,xcKn2j
936,aproffittpz,heynaldpz@aboutads.info,ehHe0h
937,jtrippittq0,tsharkq0@networkadvertising.org,onOo2L
938,tgasconeq1,hmallionq1@cisco.com,isQe8v
939,khaythornthwaiteq2,sbickersq2@mtv.com,psJm8q
940,lcampanelliq3,ogullq3@yahoo.com,pvBc7r
941,jdolemanq4,dskupinskiq4@house.gov,xqZm7W
942,cmazdonq5,jtindleq5@mashable.com,pqFg48
943,piffeq6,cgrinyakinq6@wordpress.com,sdOo7f
944,ttonnaq7,dgoodramq7@house.gov,awVz93
945,gcorstorphineq8,bflickerq8@symantec.com,koGu9W
946,redneyq9,ahushq9@nytimes.com,ulWn8c
947,cdilonqa,mellenqa@nydailynews.com,udKd31
948,lhowkinsqb,phellicarqb@kickstarter.com,ztBz4R
949,salbenqc,dsnarqc@house.gov,twKn6N
950,hdailyqd,chinchcliffeqd@google.com.br,jtLm0g
951,akrzysztofiakqe,nbernlinqe@is.gd,xrIa1g
952,fboultqf,mkeepqf@va.gov,xdJp2z
953,nbamberqg,mdayborneqg@auda.org.au,tsRu0x
954,apamphilonqh,binderwickqh@ox.ac.uk,hqTp7c
955,ddomninqi,rcastagneqi@macromedia.com,fuCq7D
956,mwardenqj,dwombwellqj@weather.com,jvVp5x
957,vsuggateqk,sfillimoreqk@mit.edu,zdYo0h
958,gabaziql,asherborneql@e-recht24.de,kvWf8L
959,dspratlingqm,pscholfieldqm@deliciousdays.com,ajRq4y
960,mketteridgeqn,hboritqn@github.io,uvMs16
961,cmcinnernyqo,jwallettqo@tuttocitta.it,vdAh6U
962,taersqp,ygemeauqp@scribd.com,rrFr3G
963,cshemeltqq,jpickvanceqq@vk.com,zzZg7Q
964,ksmeatonqr,lgarawayqr@whitehouse.gov,mjWl0i
965,fvanderbekenqs,ctonryqs@linkedin.com,tmDx68
966,cculletonqt,drobunqt@abc.net.au,afYi2k
967,ighidiniqu,usharpleyqu@dion.ne.jp,ibDb5z
968,fsansumqv,imugfordqv@cam.ac.uk,chWu5d
969,dackensonqw,cdewersonqw@indiegogo.com,wxYz6Q
970,ddayceqx,cbaltrushaitisqx@examiner.com,ycPu1l
971,vbulcockqy,deykelboschqy@ehow.com,rvSx1x
972,gtaleworthqz,mberfootqz@skyrock.com,jaMu5G
973,hgendricker0,ptrathenr0@usda.gov,kqYa7A
974,rjablonskir1,jroadr1@vimeo.com,mdQe85
975,hsmalesr2,npedrolr2@de.vu,xgLm7C
976,hromainesr3,tdupreer3@geocities.com,kiNs9v
977,bkissr4,esimoncellor4@uiuc.edu,lwMi3h
978,rgoultr5,kfavelr5@yale.edu,agOq7m
979,naberkirdor6,crickersyr6@csmonitor.com,amFd8q
980,sskeener7,rnorthager7@mediafire.com,iaXu69
981,cdowbakinr8,gjordenr8@washingtonpost.com,wzIe6H
982,gschollickr9,cseakesr9@csmonitor.com,tcGo6f
983,psteedenra,cjeffryesra@liveinternet.ru,geBu75
984,ocurzeyrb,jtirreyrb@illinois.edu,ltEn1B
985,cbramblerc,clechmererc@facebook.com,xlJl79
986,tbamboroughrd,pdaldanrd@posterous.com,syZd7D
987,ccocherre,kyeardleyre@gizmodo.com,bfQt2W
988,atreadgallrf,fvearncombrf@behance.net,ioHi6g
989,rstormontrg,cjorckerg@utexas.edu,umAg1E
990,chealksrh,chawrh@technorati.com,nnPo1o
991,djolleyri,mtrewhelari@illinois.edu,paCx3B
992,wbeavingtonrj,ccotillardrj@scribd.com,ftYm6p
993,mdekeeprk,haynsleyrk@home.pl,eeQx3C
994,hstaplefordrl,tlyonrl@adobe.com,liRt7D
995,hhemblingrm,mravenshawrm@imdb.com,ejHs5i
996,rlynockrn,mlehucquetrn@a8.net,ueVw9b
997,writtmeierro,anibleyro@ow.ly,qqTt9V
998,mmcgreyrp,eloyleyrp@about.me,cvWt5z
999,iwhybornerq,rkobkerq@ucoz.com,okVl7g
1000,skintonrr,vgorsrr@cam.ac.uk,bkVc5f
